name,smiles,category,n_atoms,d_exp,d_ptc,err_eV,rel_pct,source,tier,cas,unc_eV,audit_status,audit_diff_pct,audit_convention,combined_status,combined_diff_pct,reliability,url
acetophenone,CC(=O)C1=CC=CC=C1,Organique,17,80.979,80.2642,0.7158,0.884,NIST,B,98-86-2,,n/a,,,ok_one_source,0.0,🟢 0.0%,https://cccbdb.nist.gov/exp2x.asp?casno=98862&charge=0
quinoline,c1ccc2ncccc2c1,Organique,17,85.488,87.1169,1.6289,1.905,NIST,B,91-22-5,,n/a,,,ok_one_source,-0.0,🟢 0.0%,https://cccbdb.nist.gov/exp2x.asp?casno=91225&charge=0
IF,FI,Inorganique,2,2.88,2.8787,0.0013,0.045,HH,B,13873-84-2,,warn_1-2%,1.12,298K,ok_consensus,1.12,🟢🟢 1.1%,https://cccbdb.nist.gov/exp2x.asp?casno=13873842&charge=0
oxazole,C1=COC=N1,Organique,8,36.704,37.8569,1.1529,3.141,NIST,B,288-42-6,,ok_<1%,-0.0,298K,ok_consensus,-0.0,🟢🟢 0.0%,https://cccbdb.nist.gov/exp2x.asp?casno=288426&charge=0
2-chlorotoluene,CC1=CC=CC=C1Cl,Organique,15,69.047,69.0596,0.0126,0.018,NIST,B,95-49-8,,n/a,,,n/a,,⚪ B,https://cccbdb.nist.gov/exp2x.asp?casno=95498&charge=0
DMSO,CS(=O)C,Organique,10,35.428,35.4313,0.1413,0.4,NIST,B,67-68-5,,ok_<1%,-0.0,298K,ok_one_source,-0.0,🟢 0.0%,https://cccbdb.nist.gov/exp2x.asp?casno=67685&charge=0
tert-butylbenzene,CC(C)(C)c1ccccc1,Organique,24,106.149,106.138,0.011,0.01,NIST,B,98-06-6,,n/a,,,n/a,,⚪ B,https://cccbdb.nist.gov/exp2x.asp?casno=98066&charge=0
Acetyl_chloride,CC(=O)Cl,Organique,7,27.6716,27.6833,0.0117,0.042,ATcT_0K,A,75-36-5,,ok_<1%,0.03,0K,ok_consensus,0.03,🟢🟢 0.0%,https://cccbdb.nist.gov/exp2x.asp?casno=75365&charge=0
isobutyraldehyde,CC(C)C=O,Organique,13,52.606,52.6137,0.0077,0.015,NIST,B,78-84-2,,ok_<1%,-0.0,298K,ok_one_source,-0.0,🟢 0.0%,https://cccbdb.nist.gov/exp2x.asp?casno=78842&charge=0
B2,[B]=[B],Inorganique,2,3.02,3.0195,0.0005,0.015,HH,B,14452-61-0,,ok_<1%,-0.41,0K,one_source_fail,-0.41,🟡 0.4%,https://cccbdb.nist.gov/exp2x.asp?casno=14452610&charge=0
methylhydrazine,CNN,Organique,9,31.18,30.7807,0.3993,1.281,NIST,B,60-34-4,,n/a,,,single_fail,-10.46,🟠 10.5%,https://cccbdb.nist.gov/exp2x.asp?casno=60344&charge=0
2-methylthiophene,CC1=CC=CS1,Organique,12,52.703,55.0053,0.0423,0.077,NIST,B,554-14-3,,ok_<1%,-0.02,298K,ok_one_source,-0.02,🟢 0.0%,https://cccbdb.nist.gov/exp2x.asp?casno=554143&charge=0
2-methylthiophene,Cc1cccs1,Organique,12,54.963,55.0053,0.0423,0.077,NIST,B,554-14-3,,fail_>2%,-3.34,0K,single_fail,-3.34,🟠 3.3%,https://cccbdb.nist.gov/exp2x.asp?casno=554143&charge=0
SiS,[Si]#[S],Inorganique,2,6.39,6.3873,0.0027,0.042,HH,B,,,n/a,,,n/a,,⚪ B,https://webbook.nist.gov/cgi/cbook.cgi?Name=SiS&Mask=400&Units=SI
2-phenylethanol,OCCC1=CC=CC=C1,Organique,19,85.865,85.8433,0.0217,0.025,NIST,B,60-12-8,,n/a,,,n/a,,⚪ B,https://cccbdb.nist.gov/exp2x.asp?casno=60128&charge=0
CuCl,[Cu]Cl,d-block,2,3.83,3.893,0.143,3.814,Luo2007,C,7758-89-6,,ok_<1%,-0.52,298K,ok_consensus,-0.52,🟢🟢 0.5%,https://cccbdb.nist.gov/exp2x.asp?casno=7758896&charge=0
cytosine,NC1=NC(=O)NC=C1,Organique,13,58.898,58.326,0.572,0.971,NIST,B,71-30-7,,n/a,,,ok_one_source,0.19,🟢 0.2%,https://cccbdb.nist.gov/exp2x.asp?casno=71307&charge=0
pyrrolidine,C1CCNC1,Organique,14,55.66,55.4201,0.2399,0.431,NIST,B,123-75-1,,warn_1-2%,-1.22,298K,ok_consensus,-1.22,🟢🟢 1.2%,https://cccbdb.nist.gov/exp2x.asp?casno=123751&charge=0
NO,[N]=O,Inorganique,2,6.5,6.4981,0.0019,0.029,ATcT,A,,,n/a,,,n/a,,⚪ A,https://webbook.nist.gov/cgi/cbook.cgi?Name=NO&Mask=400&Units=SI
thiophenol,Sc1ccccc1,Organique,13,59.832,60.4685,0.6255,1.045,NIST,B,108-98-5,,ok_<1%,-0.0,298K,ok_consensus,-0.0,🟢🟢 0.0%,https://cccbdb.nist.gov/exp2x.asp?casno=108985&charge=0
NH,[N][H],Inorganique,2,3.47,3.4687,0.0013,0.037,ATcT,A,,,n/a,,,n/a,,⚪ A,https://webbook.nist.gov/cgi/cbook.cgi?Name=NH&Mask=400&Units=SI
furfuryl_alcohol,OCC1=CC=CO1,Organique,13,58.056,58.0772,0.0212,0.037,NIST,B,98-00-0,,n/a,,,ok_one_source,0.09,🟢 0.1%,https://cccbdb.nist.gov/exp2x.asp?casno=98000&charge=0
isoquinoline,c1ccc2ccncc2c1,Organique,17,85.445,87.0596,1.6146,1.89,NIST,B,119-65-3,,n/a,,,ok_one_source,-0.0,🟢 0.0%,https://cccbdb.nist.gov/exp2x.asp?casno=119653&charge=0
Methanediol,C(O)O,Organique,7,25.2706,25.2802,0.0096,0.038,ATcT_0K,A,463-57-0,0.0077,n/a,,,n/a,,⚪ A,https://cccbdb.nist.gov/exp2x.asp?casno=463570&charge=0
Aziridine,C1CN1,Organique,8,29.3328,29.1359,0.1969,0.671,ATcT_0K,A,151-56-4,0.0092,ok_<1%,0.02,0K,ok_consensus,0.02,🟢🟢 0.0%,https://cccbdb.nist.gov/exp2x.asp?casno=151564&charge=0
cis_1_2_Dichloroethene,C(=C\Cl)\Cl,Organique,6,21.6646,21.6953,0.0307,0.142,ATcT_0K,A,156-59-2,,ok_<1%,0.07,0K,ok_one_source,0.07,🟢 0.1%,https://cccbdb.nist.gov/exp2x.asp?casno=156592&charge=0
1_2_Dichloroethene,C(=CCl)Cl,Organique,6,21.6646,21.6953,0.0307,0.142,ATcT_0K,A,540-59-0,,n/a,,,ok_one_source,0.87,🟢 0.9%,https://cccbdb.nist.gov/exp2x.asp?casno=540590&charge=0
MTBE,CC(C)(C)OC,Organique,18,69.772,69.7248,0.0502,0.072,NIST,B,1634-04-4,,ok_<1%,-0.0,298K,ok_one_source,-0.0,🟢 0.0%,https://cccbdb.nist.gov/exp2x.asp?casno=1634044&charge=0
LiF,[Li]F,Inorganique,2,5.97,5.9754,0.0054,0.09,CCCBDB,B,7789-24-4,,ok_<1%,0.19,0K,ok_consensus,0.19,🟢🟢 0.2%,https://cccbdb.nist.gov/exp2x.asp?casno=7789244&charge=0
di-n-propyl_ether,CCCOCCC,Organique,21,81.818,81.7724,0.0456,0.056,NIST,B,111-43-3,,ok_<1%,-0.0,298K,ok_consensus,-0.0,🟢🟢 0.0%,https://cccbdb.nist.gov/exp2x.asp?casno=111433&charge=0
PS,[P]=S,Inorganique,2,4.5,4.3596,0.1404,3.12,HH,B,,,n/a,,,n/a,,⚪ B,https://webbook.nist.gov/cgi/cbook.cgi?Name=PS&Mask=400&Units=SI
PO,[P]=O,Inorganique,2,5.69,5.6864,0.0036,0.064,HH,B,,,n/a,,,n/a,,⚪ B,https://webbook.nist.gov/cgi/cbook.cgi?Name=PO&Mask=400&Units=SI
1-bromopropane,CCCBr,Organique,11,40.161,40.1382,0.0228,0.057,NIST,B,106-94-5,,ok_<1%,-0.11,298K,ok_one_source,-0.11,🟢 0.1%,https://cccbdb.nist.gov/exp2x.asp?casno=106945&charge=0
1-chloropropane,CCCCl,Organique,11,40.724,40.7072,0.0168,0.041,NIST,B,540-54-5,,ok_<1%,-0.0,298K,ok_consensus,-0.0,🟢🟢 0.0%,https://cccbdb.nist.gov/exp2x.asp?casno=540545&charge=0
SiH,[Si][H],Inorganique,2,3.06,3.0595,0.0005,0.017,HH,B,13774-94-2,,ok_<1%,-0.05,0K,ok_consensus,-0.05,🟢🟢 0.1%,https://cccbdb.nist.gov/exp2x.asp?casno=13774942&charge=0
propyne,CC#C,Organique,7,29.4,29.3797,0.0203,0.069,NIST,B,74-99-7,,ok_<1%,-0.0,298K,one_source_fail,-0.0,🟡 0.0%,https://cccbdb.nist.gov/exp2x.asp?casno=74997&charge=0
MTBE,COC(C)(C)C,Organique,18,69.775,69.7248,0.0502,0.072,NIST,B,1634-04-4,,ok_<1%,-0.01,298K,ok_one_source,-0.01,🟢 0.0%,https://cccbdb.nist.gov/exp2x.asp?casno=1634044&charge=0
C2H6,CC,Organique,8,28.89,28.8689,0.0211,0.073,ATcT,A,74-84-0,,ok_<1%,-0.02,0K,ok_consensus,-0.02,🟢🟢 0.0%,https://cccbdb.nist.gov/exp2x.asp?casno=74840&charge=0
2_Chloroethanol,C(CCl)O,Organique,9,32.3289,32.3135,0.0154,0.048,ATcT_0K,A,107-07-3,,n/a,,,ok_one_source,1.03,🟢 1.0%,https://cccbdb.nist.gov/exp2x.asp?casno=107073&charge=0
propanethiol,CCCS,Organique,12,43.93,43.8974,0.0326,0.074,NIST,B,107-03-9,,ok_<1%,0.03,298K,ok_consensus,0.03,🟢🟢 0.0%,https://cccbdb.nist.gov/exp2x.asp?casno=107039&charge=0
Cl2,ClCl,Inorganique,2,2.51,2.5119,0.0019,0.077,ATcT,A,7782-50-5,0.01658288853189615,ok_<1%,0.17,298K,ok_consensus,0.17,🟢🟢 0.2%,https://cccbdb.nist.gov/exp2x.asp?casno=7782505&charge=0
2-pyrrolidone,O=C1CCCN1,Organique,13,55.445,55.1785,0.2665,0.481,NIST,B,616-45-5,,ok_<1%,-0.7,298K,ok_one_source,-0.7,🟢 0.7%,https://cccbdb.nist.gov/exp2x.asp?casno=616455&charge=0
Ag2,[Ag][Ag],d-block,2,1.66,1.6632,0.0032,0.194,HH,B,7230-74-2,,n/a,,,n/a,,⚪ B,https://cccbdb.nist.gov/exp2x.asp?casno=7230742&charge=0
butanal,CCCC=O,Organique,13,52.52,52.5614,0.0414,0.079,NIST,B,123-72-8,,ok_<1%,-0.03,298K,ok_consensus,-0.02,🟢🟢 0.0%,https://cccbdb.nist.gov/exp2x.asp?casno=123728&charge=0
VF3,F[V](F)F,d-block,4,17.737,17.839,0.102,0.575,JANAF,B,,,n/a,,,n/a,,⚪ B,https://webbook.nist.gov/cgi/cbook.cgi?Name=VF3&Mask=1&Units=SI
nicotinic_acid,OC(=O)c1cccnc1,Organique,14,68.224,68.4307,0.2067,0.303,NIST,B,59-67-6,,n/a,,,n/a,,⚪ B,https://cccbdb.nist.gov/exp2x.asp?casno=59676&charge=0
isopropyl_mercaptan,CC(C)S,Organique,12,44.021,44.0598,0.0388,0.088,NIST,B,75-33-2,,ok_<1%,0.02,298K,ok_consensus,0.02,🟢🟢 0.0%,https://cccbdb.nist.gov/exp2x.asp?casno=75332&charge=0
ClNO,ClN=O,Inorganique,3,8.203,8.2481,0.0451,0.55,NIST,B,2696-92-6,0.0007047727626055864,ok_<1%,-0.13,298K,ok_consensus,-0.1,🟢🟢 0.1%,https://cccbdb.nist.gov/exp2x.asp?casno=2696926&charge=0
2-hexanone,CCCCC(=O)C,Organique,19,77.164,77.2333,0.0693,0.09,NIST,B,591-78-6,,n/a,,,n/a,,⚪ B,https://cccbdb.nist.gov/exp2x.asp?casno=591786&charge=0
MIBK,CC(C)CC(=O)C,Organique,19,77.235,77.305,0.07,0.091,NIST,B,108-10-1,,n/a,,,n/a,,⚪ B,https://cccbdb.nist.gov/exp2x.asp?casno=108101&charge=0
THP,C1CCOCC1,Organique,16,64.63,64.6886,0.0586,0.091,NIST,B,142-68-7,,ok_<1%,0.01,298K,ok_consensus,0.01,🟢🟢 0.0%,https://cccbdb.nist.gov/exp2x.asp?casno=142687&charge=0
N2,N#N,Inorganique,2,9.759,9.7681,0.0091,0.093,ATcT,A,7727-37-9,,ok_<1%,-0.04,0K,ok_one_source,-0.04,🟢 0.0%,https://cccbdb.nist.gov/exp2x.asp?casno=7727379&charge=0
pinacol,CC(O)(C)C(O)(C)C,Organique,22,86.453,86.537,0.084,0.097,NIST,B,76-09-5,,n/a,,,n/a,,⚪ B,https://cccbdb.nist.gov/exp2x.asp?casno=76095&charge=0
1-butyne,CCC#C,Organique,10,41.556,41.5975,0.0415,0.1,NIST,B,107-00-6,,ok_<1%,-0.0,298K,ok_consensus,-0.0,🟢🟢 0.0%,https://cccbdb.nist.gov/exp2x.asp?casno=107006&charge=0
PH,[P][H],Inorganique,2,2.95,2.8593,0.0907,3.075,HH,B,,,n/a,,,n/a,,⚪ B,https://webbook.nist.gov/cgi/cbook.cgi?Name=PH&Mask=400&Units=SI
benzofuran,C1=CC=C2C(=C1)C=CO2,Organique,15,75.601,73.2689,2.4071,3.181,NIST,B,271-89-6,,n/a,,,n/a,,⚪ B,https://cccbdb.nist.gov/exp2x.asp?casno=271896&charge=0
succinimide,O=C1CCC(=O)N1,Organique,12,54.965,54.8001,0.1649,0.3,NIST,B,123-56-8,,n/a,,,n/a,,⚪ B,https://cccbdb.nist.gov/exp2x.asp?casno=123568&charge=0
SO3mol,O=S(=O)=O,Inorganique,4,14.31,15.8633,1.5533,10.855,NIST,B,7446-11-9,,warn_1-2%,1.8,0K,ok_consensus,1.55,🟢🟢 1.5%,https://cccbdb.nist.gov/exp2x.asp?casno=7446119&charge=0
thioanisole,CSC1=CC=CC=C1,Organique,16,72.383,71.6535,0.5535,0.767,NIST,B,100-68-5,,n/a,,,n/a,,⚪ B,https://cccbdb.nist.gov/exp2x.asp?casno=100685&charge=0
1PeOH,CCCCCO,Organique,18,69.89,69.8105,0.0795,0.114,NIST,B,71-41-0,,ok_<1%,0.01,298K,ok_consensus,0.01,🟢🟢 0.0%,https://cccbdb.nist.gov/exp2x.asp?casno=71410&charge=0
isopropylamine,CC(C)N,Organique,13,48.385,48.1738,0.2112,0.437,NIST,B,75-31-0,,ok_<1%,-0.0,298K,ok_one_source,-0.0,🟢 0.0%,https://cccbdb.nist.gov/exp2x.asp?casno=75310&charge=0
NaF,[Na]F,Inorganique,2,4.91,4.9921,0.0821,1.672,CCCBDB,B,7681-49-4,,ok_<1%,-0.04,0K,ok_one_source,-0.04,🟢 0.0%,https://cccbdb.nist.gov/exp2x.asp?casno=7681494&charge=0
Benzoyl_fluoride,C1=CC=C(C=C1)C(=O)F,Organique,14,69.1569,69.2437,0.0868,0.126,ATcT_0K,A,455-32-3,,n/a,,,n/a,,⚪ A,https://cccbdb.nist.gov/exp2x.asp?casno=455323&charge=0
cyclohexanone,O=C1CCCCC1,Organique,17,72.555,72.4437,0.3567,0.495,NIST,B,108-94-1,,ok_<1%,-0.57,298K,ok_one_source,-0.57,🟢 0.6%,https://cccbdb.nist.gov/exp2x.asp?casno=108941&charge=0
butane,CCCC,Organique,14,53.61,53.5369,0.0731,0.136,NIST,B,106-97-8,,ok_<1%,-0.0,298K,ok_consensus,-0.0,🟢🟢 0.0%,https://cccbdb.nist.gov/exp2x.asp?casno=106978&charge=0
trans_1_2_Dichloroethene,C(=C/Cl)\Cl,Organique,6,21.6457,21.6953,0.0496,0.229,ATcT_0K,A,,,n/a,,,n/a,,⚪ A,https://webbook.nist.gov/cgi/cbook.cgi?Name=trans_1_2_Dichloroethene&Mask=1&Units=SI
1-hexanol,CCCCCCO,Organique,21,82.056,82.1684,0.1124,0.137,NIST,B,111-27-3,,n/a,,,ok_one_source,0.01,🟢 0.0%,https://cccbdb.nist.gov/exp2x.asp?casno=111273&charge=0
sulfolane,C1CCS(=O)(=O)C1,Organique,15,60.711,60.795,0.084,0.138,NIST,B,126-33-0,,n/a,,,n/a,,⚪ B,https://cccbdb.nist.gov/exp2x.asp?casno=126330&charge=0
isobutan,CC(C)C,Organique,14,53.7,53.626,0.074,0.138,NIST,B,75-28-5,,ok_<1%,0.01,298K,ok_consensus,0.01,🟢🟢 0.0%,https://cccbdb.nist.gov/exp2x.asp?casno=75285&charge=0
fluorobenzene,C1=CC=C(C=C1)F,Organique,12,57.888,57.1334,0.7546,1.304,NIST,B,462-06-6,0.004,n/a,,,ok_one_source,0.0,🟢 0.0%,https://cccbdb.nist.gov/exp2x.asp?casno=462066&charge=0
H2,[H][H],Inorganique,2,4.478,4.4843,0.0063,0.141,ATcT,A,1333-74-0,,ok_<1%,0.0,0K,ok_consensus,0.0,🟢🟢 0.0%,https://cccbdb.nist.gov/exp2x.asp?casno=1333740&charge=0
N-methylpiperidine,CN1CCCCC1,Organique,20,80.131,79.8139,0.3171,0.396,NIST,B,626-67-5,,n/a,,,n/a,,⚪ B,https://cccbdb.nist.gov/exp2x.asp?casno=626675&charge=0
phenyl_isocyanate,O=C=NC1=CC=CC=C1,Organique,14,71.344,71.176,0.168,0.235,NIST,B,103-71-9,,n/a,,,n/a,,⚪ B,https://cccbdb.nist.gov/exp2x.asp?casno=103719&charge=0
CO2,O=C=O,Inorganique,3,16.56,16.5242,0.0358,0.216,ATcT,A,124-38-9,,n/a,,,ok_one_source,0.67,🟢 0.7%,https://cccbdb.nist.gov/exp2x.asp?casno=124389&charge=0
dimethyl_sulfone,CS(=O)(=O)C,Organique,11,40.317,40.256,0.061,0.151,NIST,B,67-71-0,,n/a,,,n/a,,⚪ B,https://cccbdb.nist.gov/exp2x.asp?casno=67710&charge=0
BeCl2,Cl[Be]Cl,Inorganique,3,9.55,9.5685,0.0185,0.194,CCCBDB,B,7787-47-5,,ok_<1%,0.1,0K,ok_one_source,0.1,🟢 0.1%,https://cccbdb.nist.gov/exp2x.asp?casno=7787475&charge=0
2-furaldehyde,O=Cc1ccco1,Organique,11,52.907,52.8665,0.0405,0.077,NIST,B,98-01-1,,n/a,,,ok_one_source,-0.03,🟢 0.0%,https://cccbdb.nist.gov/exp2x.asp?casno=98011&charge=0
CHCl3,C(Cl)(Cl)Cl,Organique,5,14.53,14.5434,0.0134,0.093,NIST,B,67-66-3,0.004042079079649687,ok_<1%,-0.05,298K,ok_consensus,-0.03,🟢🟢 0.0%,https://cccbdb.nist.gov/exp2x.asp?casno=67663&charge=0
EtBr,CCBr,Organique,8,27.88,27.8371,0.0429,0.154,NIST,B,74-96-4,,ok_<1%,0.33,298K,ok_consensus,0.26,🟢🟢 0.3%,https://cccbdb.nist.gov/exp2x.asp?casno=74964&charge=0
Benzoyl_chloride,C1=CC=C(C=C1)C(=O)Cl,Organique,14,67.5394,67.6557,0.1163,0.172,ATcT_0K,A,98-88-4,,n/a,,,n/a,,⚪ A,https://cccbdb.nist.gov/exp2x.asp?casno=98884&charge=0
thiophene_2_carboxaldehyde,O=CC1=CC=CS1,Organique,11,51.726,51.8097,0.0837,0.162,NIST,B,98-03-3,,n/a,,,n/a,,⚪ B,https://cccbdb.nist.gov/exp2x.asp?casno=98033&charge=0
indane,C1Cc2ccccc2C1,Organique,19,88.816,89.6522,0.3262,0.365,NIST,B,496-11-7,,n/a,,,ok_one_source,-0.0,🟢 0.0%,https://cccbdb.nist.gov/exp2x.asp?casno=496117&charge=0
diisopropyl_ether,CC(C)OC(C)C,Organique,21,82.09,81.9553,0.1347,0.164,NIST,B,108-20-3,,n/a,,,n/a,,⚪ B,https://cccbdb.nist.gov/exp2x.asp?casno=108203&charge=0
benzyl_chloride,ClCC1=CC=CC=C1,Organique,15,69.037,69.1571,0.1201,0.174,NIST,B,100-44-7,,n/a,,,n/a,,⚪ B,https://cccbdb.nist.gov/exp2x.asp?casno=100447&charge=0
EtNH2,CCN,Organique,10,36.06,35.7276,0.3324,0.922,NIST,B,75-04-7,,ok_<1%,0.01,298K,ok_consensus,0.01,🟢🟢 0.0%,https://cccbdb.nist.gov/exp2x.asp?casno=75047&charge=0
xylene_m,CC1=CC(=CC=C1)C,Organique,18,81.838,81.9766,0.1386,0.169,NIST,B,108-38-3,,n/a,,,n/a,,⚪ B,https://cccbdb.nist.gov/exp2x.asp?casno=108383&charge=0
xylene_p,CC1=CC=C(C=C1)C,Organique,18,81.831,81.9707,0.1397,0.171,NIST,B,106-42-3,,ok_<1%,0.0,298K,ok_consensus,0.0,🟢🟢 0.0%,https://cccbdb.nist.gov/exp2x.asp?casno=106423&charge=0
2_Bromoethanol,C(CBr)O,Organique,9,31.694,31.7492,0.0552,0.174,ATcT_0K,A,540-51-2,,n/a,,,ok_one_source,1.44,🟢 1.4%,https://cccbdb.nist.gov/exp2x.asp?casno=540512&charge=0
Carbon_dioxide_124389,C(=O)=O,Inorganique,3,16.5642,16.5242,0.04,0.242,ATcT_0K,A,124-38-9,,ok_<1%,-0.01,0K,ok_consensus,-0.01,🟢🟢 0.0%,https://cccbdb.nist.gov/exp2x.asp?casno=124389&charge=0
imidazole,c1cnc[nH]1,Organique,9,39.742,40.3943,0.6523,1.641,NIST,B,288-32-4,,ok_<1%,-0.0,298K,ok_consensus,-0.0,🟢🟢 0.0%,https://cccbdb.nist.gov/exp2x.asp?casno=288324&charge=0
HFC_152a,CC(F)F,Organique,8,30.69,30.7477,0.0577,0.188,NIST,B,75-37-6,,ok_<1%,0.13,298K,ok_consensus,-0.0,🟢🟢 0.0%,https://cccbdb.nist.gov/exp2x.asp?casno=75376&charge=0
2-methyltetrahydrofuran,CC1CCCO1,Organique,16,64.653,64.7679,0.1149,0.178,NIST,B,96-47-9,,n/a,,,ok_one_source,-0.01,🟢 0.0%,https://cccbdb.nist.gov/exp2x.asp?casno=96479&charge=0
2-bromopropane,CC(Br)C,Organique,11,40.289,40.2166,0.0724,0.18,NIST,B,75-26-3,,n/a,,,n/a,,⚪ B,https://cccbdb.nist.gov/exp2x.asp?casno=75263&charge=0
methyl_isopropyl_ketone,CC(C)C(=O)C,Organique,16,65.038,64.9174,0.1206,0.185,NIST,B,563-80-4,,ok_<1%,-0.0,298K,ok_one_source,-0.0,🟢 0.0%,https://cccbdb.nist.gov/exp2x.asp?casno=563804&charge=0
2-methylbutane,CCC(C)C,Organique,17,65.845,65.9672,0.1222,0.186,NIST,B,78-78-4,,ok_<1%,-0.0,298K,ok_consensus,-0.0,🟢🟢 0.0%,https://cccbdb.nist.gov/exp2x.asp?casno=78784&charge=0
pentane,CCCCC,Organique,17,65.77,65.8933,0.1233,0.187,NIST,B,109-66-0,,n/a,,,ok_one_source,0.09,🟢 0.1%,https://cccbdb.nist.gov/exp2x.asp?casno=109660&charge=0
THF,C1CCOC1,Organique,13,52.28,52.3795,0.0995,0.19,NIST,B,109-99-9,,n/a,,,ok_one_source,-0.04,🟢 0.0%,https://cccbdb.nist.gov/exp2x.asp?casno=109999&charge=0
"1,1-dichloroethane",CC(Cl)Cl,Organique,8,27.731,27.6968,0.0342,0.123,NIST,B,75-34-3,,ok_<1%,0.18,298K,ok_consensus,0.18,🟢🟢 0.2%,https://cccbdb.nist.gov/exp2x.asp?casno=75343&charge=0
isopent,CC(C)CC,Organique,17,65.84,65.9681,0.1281,0.195,NIST,B,78-78-4,,ok_<1%,0.01,298K,ok_consensus,0.01,🟢🟢 0.0%,https://cccbdb.nist.gov/exp2x.asp?casno=78784&charge=0
LiBr,[Li]Br,Inorganique,2,4.34,4.1866,0.1534,3.535,JANAF,B,7550-35-8,,warn_1-2%,1.53,298K,one_source_fail,1.53,🟡 1.5%,https://cccbdb.nist.gov/exp2x.asp?casno=7550358&charge=0
AgCl,[Ag]Cl,d-block,2,3.24,3.3115,0.0715,2.206,Luo2007,C,7783-90-6,,n/a,,,n/a,,⚪ C,https://cccbdb.nist.gov/exp2x.asp?casno=7783906&charge=0
cresol_m,CC1=CC(=CC=C1)O,Organique,16,74.024,74.1743,0.1503,0.203,NIST,B,108-39-4,,n/a,,,n/a,,⚪ B,https://cccbdb.nist.gov/exp2x.asp?casno=108394&charge=0
phenyl_methanol,C1=CC=C(C=C1)CO,Organique,16,73.694,73.5434,0.1506,0.204,NIST,B,100-51-6,,n/a,,,ok_one_source,-0.08,🟢 0.1%,https://cccbdb.nist.gov/exp2x.asp?casno=100516&charge=0
xylene_o,CC1=CC=CC=C1C,Organique,18,81.819,81.9859,0.1669,0.204,NIST,B,95-47-6,,n/a,,,ok_one_source,0.0,🟢 0.0%,https://cccbdb.nist.gov/exp2x.asp?casno=95476&charge=0
2pentanon,CC(=O)CCC,Organique,16,65.0,64.8652,0.1348,0.207,NIST,B,107-87-9,,ok_<1%,0.0,298K,ok_one_source,0.0,🟢 0.0%,https://cccbdb.nist.gov/exp2x.asp?casno=107879&charge=0
mesitylene,CC1=CC(=CC(=C1)C)C,Organique,21,94.131,94.3311,0.2001,0.213,NIST,B,108-67-8,,n/a,,,ok_one_source,0.01,🟢 0.0%,https://cccbdb.nist.gov/exp2x.asp?casno=108678&charge=0
Ethyl,C[CH2],Organique,7,24.5794,24.5265,0.0529,0.215,ATcT_0K,A,2025-56-1,0.0021,ok_<1%,-0.03,0K,ok_consensus,-0.03,🟢🟢 0.0%,https://cccbdb.nist.gov/exp2x.asp?casno=2025561&charge=0
morpholine,C1COCCN1,Organique,15,59.232,58.8864,0.3456,0.583,NIST,B,110-91-8,,n/a,,,n/a,,⚪ B,https://cccbdb.nist.gov/exp2x.asp?casno=110918&charge=0
"1,2,4-triazole",C1=NNC=N1,Organique,8,35.201,34.7429,0.4581,1.301,NIST,B,288-88-0,,fail_>2%,-2.46,298K,conflict,-2.46,🔴 2.5%,https://cccbdb.nist.gov/exp2x.asp?casno=288880&charge=0
N-methylpyrrole,Cn1cccc1,Organique,13,59.045,57.3657,1.6793,2.844,NIST,B,96-54-8,,n/a,,,n/a,,⚪ B,https://cccbdb.nist.gov/exp2x.asp?casno=96548&charge=0
benzene,c1ccccc1,Organique,12,56.42,57.2968,0.6673,1.178,NIST,B,71-43-2,0.0022,ok_<1%,0.35,0K,ok_one_source,0.35,🟢 0.4%,https://cccbdb.nist.gov/exp2x.asp?casno=71432&charge=0
3-methylthiophene,Cc1ccsc1,Organique,12,54.973,54.8815,0.0915,0.167,NIST,B,616-44-4,,fail_>2%,-3.35,0K,single_fail,-3.35,🟠 3.4%,https://cccbdb.nist.gov/exp2x.asp?casno=616444&charge=0
CH3SH,CS,Organique,6,19.58,19.5375,0.0425,0.217,NIST,B,74-93-1,,ok_<1%,-0.03,298K,ok_consensus,-0.03,🟢🟢 0.0%,https://cccbdb.nist.gov/exp2x.asp?casno=74931&charge=0
CuH,[Cu][H],d-block,2,2.64,2.6414,0.0014,0.051,HH,B,13517-00-5,,n/a,,,n/a,,⚪ B,https://cccbdb.nist.gov/exp2x.asp?casno=13517005&charge=0
FeI2,I[Fe]I,d-block,3,5.823,8.9961,3.1731,54.493,Gurvich,B,,,n/a,,,n/a,,⚪ B,https://webbook.nist.gov/cgi/cbook.cgi?Name=FeI2&Mask=1&Units=SI
cresol_o,CC1=CC=CC=C1O,Organique,16,73.986,74.1534,0.1674,0.226,NIST,B,95-48-7,,n/a,,,n/a,,⚪ B,https://cccbdb.nist.gov/exp2x.asp?casno=95487&charge=0
TiBr2,Br[Ti]Br,d-block,3,8.848,11.5823,2.7343,30.902,JANAF,B,13783-04-5,,n/a,,,n/a,,⚪ B,https://cccbdb.nist.gov/exp2x.asp?casno=13783045&charge=0
HSO3F,OS(=O)(=O)F,Inorganique,6,21.507,22.4501,0.9431,4.385,JANAF,B,7789-21-1,,ok_<1%,0.01,298K,ok_one_source,0.01,🟢 0.0%,https://cccbdb.nist.gov/exp2x.asp?casno=7789211&charge=0
urea,NC(=O)N,Organique,8,31.287,30.6569,1.3131,4.107,NIST,B,57-13-6,,ok_<1%,0.05,298K,ok_consensus,-0.0,🟢🟢 0.0%,https://cccbdb.nist.gov/exp2x.asp?casno=57136&charge=0
H2O,O,Inorganique,3,9.511,9.533,0.022,0.232,ATcT,A,7732-18-5,,ok_<1%,0.01,0K,ok_consensus,0.01,🟢🟢 0.0%,https://cccbdb.nist.gov/exp2x.asp?casno=7732185&charge=0
neopent,CC(C)(C)C,Organique,17,65.99,66.1445,0.1545,0.234,NIST,B,463-82-1,,ok_<1%,0.0,298K,ok_consensus,0.0,🟢🟢 0.0%,https://cccbdb.nist.gov/exp2x.asp?casno=463821&charge=0
3-pentanone,CCC(=O)CC,Organique,16,64.998,64.8423,0.1557,0.24,NIST,B,96-22-0,,ok_<1%,-0.09,298K,ok_one_source,-0.09,🟢 0.1%,https://cccbdb.nist.gov/exp2x.asp?casno=96220&charge=0
VinylF,FC=C,Organique,6,23.9,24.0472,0.1472,0.616,NIST,B,75-02-5,,ok_<1%,0.04,298K,ok_consensus,0.04,🟢🟢 0.0%,https://cccbdb.nist.gov/exp2x.asp?casno=75025&charge=0
Li2,[Li][Li],Inorganique,2,1.046,1.0435,0.0025,0.243,ATcT,A,14452-59-6,,warn_1-2%,1.76,298K,ok_consensus,1.76,🟢🟢 1.8%,https://cccbdb.nist.gov/exp2x.asp?casno=14452596&charge=0
p-diethylbenzene,CCc1ccc(CC)cc1,Organique,24,106.142,105.8833,0.2587,0.244,NIST,B,105-05-5,,n/a,,,n/a,,⚪ B,https://cccbdb.nist.gov/exp2x.asp?casno=105055&charge=0
PN,[P]#N,Inorganique,2,6.39,6.4057,0.0157,0.245,HH,B,17739-47-8,,ok_<1%,0.19,298K,ok_consensus,0.19,🟢🟢 0.2%,https://cccbdb.nist.gov/exp2x.asp?casno=17739478&charge=0
1-chlorobutane,CCCCCl,Organique,14,52.906,53.044,0.138,0.261,NIST,B,109-69-3,,n/a,,,n/a,,⚪ B,https://cccbdb.nist.gov/exp2x.asp?casno=109693&charge=0
Iodine_monochloride,ClI,Inorganique,2,2.1491,2.1438,0.0053,0.247,ATcT_0K,A,7790-99-0,,warn_1-2%,1.58,298K,ok_one_source,1.58,🟢 1.6%,https://cccbdb.nist.gov/exp2x.asp?casno=7790990&charge=0
VF5,[V](F)(F)(F)(F)F,d-block,6,24.29,24.3504,0.0604,0.249,JANAF,B,,,n/a,,,n/a,,⚪ B,https://webbook.nist.gov/cgi/cbook.cgi?Name=VF5&Mask=1&Units=SI
2-chloropropane,CC(Cl)C,Organique,11,40.858,40.7553,0.1027,0.251,NIST,B,75-29-6,,ok_<1%,-0.0,298K,ok_consensus,-0.0,🟢🟢 0.0%,https://cccbdb.nist.gov/exp2x.asp?casno=75296&charge=0
Methyl_nitrite,CON=O,Organique,7,24.6271,24.4135,0.2136,0.867,ATcT_0K,A,624-91-9,,warn_1-2%,1.3,298K,one_source_fail,1.3,🟡 1.3%,https://cccbdb.nist.gov/exp2x.asp?casno=624919&charge=0
"N,N-diethylformamide",CCN(CC)C=O,Organique,18,71.951,71.9803,0.0293,0.041,NIST,B,617-84-5,,n/a,,,n/a,,⚪ B,https://cccbdb.nist.gov/exp2x.asp?casno=617845&charge=0
Diazirine,C1N=N1,Organique,5,18.2849,18.3237,0.0388,0.212,ATcT_0K,A,157-22-2,0.0114,n/a,,,ok_one_source,1.35,🟢 1.3%,https://cccbdb.nist.gov/exp2x.asp?casno=157222&charge=0
chlorobenzene,C1=CC=C(C=C1)Cl,Organique,12,56.583,56.0554,0.5276,0.932,NIST,B,108-90-7,0.0063,ok_<1%,-0.04,298K,ok_consensus,-0.04,🟢🟢 0.0%,https://cccbdb.nist.gov/exp2x.asp?casno=108907&charge=0
CrF6,F[Cr](F)(F)(F)(F)F,d-block,7,23.35,23.4129,0.0629,0.269,Gurvich,B,13843-28-2,,n/a,,,n/a,,⚪ B,https://cccbdb.nist.gov/exp2x.asp?casno=13843282&charge=0
CHClF,ClCF,Organique,5,16.73,16.7893,0.0593,0.354,NIST,B,593-70-4,,ok_<1%,0.07,298K,ok_consensus,0.07,🟢🟢 0.1%,https://cccbdb.nist.gov/exp2x.asp?casno=593704&charge=0
cyclohexanol,OC1CCCCC1,Organique,19,77.229,77.4615,0.2325,0.301,NIST,B,108-93-0,,n/a,,,single_fail,-7.78,🟠 7.8%,https://cccbdb.nist.gov/exp2x.asp?casno=108930&charge=0
DIPK,CC(C)C(=O)C(C)C,Organique,22,89.436,89.681,0.245,0.274,NIST,B,565-80-0,,n/a,,,n/a,,⚪ B,https://cccbdb.nist.gov/exp2x.asp?casno=565800&charge=0
CHF3,C(F)(F)F,Organique,5,19.52,19.4405,0.0995,0.514,ATcT,A,75-46-7,0.003938436026325336,n/a,,,ok_one_source,-0.92,🟢 0.9%,https://cccbdb.nist.gov/exp2x.asp?casno=75467&charge=0
diethyl_sulfide,CCSCC,Organique,15,56.044,55.8889,0.1551,0.277,NIST,B,352-93-2,,ok_<1%,-0.0,298K,ok_consensus,-0.0,🟢🟢 0.0%,https://cccbdb.nist.gov/exp2x.asp?casno=352932&charge=0
LiI,[Li]I,Inorganique,2,3.54,3.5131,0.0269,0.758,JANAF,B,10377-51-2,,n/a,,,single_fail,2.88,🟠 2.9%,https://cccbdb.nist.gov/exp2x.asp?casno=10377512&charge=0
toluene,Cc1ccccc1,Organique,15,68.69,68.8833,0.1933,0.281,NIST,B,108-88-3,,warn_1-2%,1.18,0K,ok_one_source,1.18,🟢 1.2%,https://cccbdb.nist.gov/exp2x.asp?casno=108883&charge=0
Hypoiodous_acid,OI,Inorganique,3,6.4646,6.5105,0.0459,0.71,ATcT_0K,A,14332-21-9,,n/a,,,ok_one_source,1.86,🟢 1.9%,https://cccbdb.nist.gov/exp2x.asp?casno=14332219&charge=0
ICl,Cl[I],Inorganique,2,2.15,2.1438,0.0062,0.289,NIST-derived,B,7790-99-0,,warn_1-2%,1.54,298K,ok_one_source,1.54,🟢 1.5%,https://cccbdb.nist.gov/exp2x.asp?casno=7790990&charge=0
TiO,[Ti]=O,d-block,2,6.87,6.7449,0.1251,1.821,JANAF,B,12137-20-1,,ok_<1%,0.74,298K,ok_one_source,0.74,🟢 0.7%,https://cccbdb.nist.gov/exp2x.asp?casno=12137201&charge=0
ethylbenzene,CCC1=CC=CC=C1,Organique,18,81.708,81.2085,0.4995,0.611,NIST,B,100-41-4,,ok_<1%,-0.0,298K,ok_consensus,-0.0,🟢🟢 0.0%,https://cccbdb.nist.gov/exp2x.asp?casno=100414&charge=0
CN,[C]#[N],Organique,2,7.72,7.7425,0.0225,0.292,ATcT,A,,,n/a,,,n/a,,⚪ A,https://webbook.nist.gov/cgi/cbook.cgi?Name=CN&Mask=400&Units=SI
SiCl,[Si]Cl,Inorganique,2,4.02,4.0903,0.0703,1.748,HH,B,,,n/a,,,n/a,,⚪ B,https://webbook.nist.gov/cgi/cbook.cgi?Name=SiCl&Mask=400&Units=SI
"N,N-dimethylacetamide",CC(=O)N(C)C,Organique,15,59.86,59.5164,0.3436,0.574,NIST,B,127-19-5,,n/a,,,n/a,,⚪ B,https://cccbdb.nist.gov/exp2x.asp?casno=127195&charge=0
BeF,[Be]F,Inorganique,2,5.85,5.632,0.218,3.726,JANAF,B,,,n/a,,,n/a,,⚪ B,https://webbook.nist.gov/cgi/cbook.cgi?Name=BeF&Mask=400&Units=SI
benzaldehyde,C1=CC=C(C=C1)C=O,Organique,14,68.515,67.9952,0.5248,0.766,NIST,B,100-52-7,,ok_<1%,0.01,298K,ok_consensus,0.01,🟢🟢 0.0%,https://cccbdb.nist.gov/exp2x.asp?casno=100527&charge=0
allene,C=C=C,Organique,7,29.35,29.2628,0.0872,0.297,NIST,B,463-49-0,0.0024,ok_<1%,-0.03,298K,ok_consensus,-0.03,🟢🟢 0.0%,https://cccbdb.nist.gov/exp2x.asp?casno=463490&charge=0
ethyl_propyl_ether,CCCOCC,Organique,18,69.654,69.4459,0.2081,0.299,NIST,B,628-32-0,,ok_<1%,0.0,298K,ok_one_source,0.0,🟢 0.0%,https://cccbdb.nist.gov/exp2x.asp?casno=628320&charge=0
cresol_p,CC1=CC=C(C=C1)O,Organique,16,73.953,74.1742,0.2212,0.299,NIST,B,106-44-5,,n/a,,,n/a,,⚪ B,https://cccbdb.nist.gov/exp2x.asp?casno=106445&charge=0
cyclohexanol,C1CCC(CC1)O,Organique,19,77.229,77.4615,0.2325,0.301,NIST,B,108-93-0,,n/a,,,single_fail,-7.78,🟠 7.8%,https://cccbdb.nist.gov/exp2x.asp?casno=108930&charge=0
2-pentanol,CCCC(C)O,Organique,18,70.099,69.8851,0.2139,0.305,NIST,B,6032-29-7,,ok_<1%,-0.02,298K,ok_consensus,-0.02,🟢🟢 0.0%,https://cccbdb.nist.gov/exp2x.asp?casno=6032297&charge=0
1-bromobutane,CCCCBr,Organique,14,52.316,52.4771,0.1611,0.308,NIST,B,109-65-9,,n/a,,,n/a,,⚪ B,https://cccbdb.nist.gov/exp2x.asp?casno=109659&charge=0
N-methylpyrrolidine,CN1CCCC1,Organique,17,67.499,67.4999,0.0009,0.001,NIST,B,120-94-5,,n/a,,,n/a,,⚪ B,https://cccbdb.nist.gov/exp2x.asp?casno=120945&charge=0
2-methyl-2-butanol,CCC(C)(C)O,Organique,18,70.25,70.0319,0.2181,0.31,NIST,B,75-85-4,,n/a,,,n/a,,⚪ B,https://cccbdb.nist.gov/exp2x.asp?casno=75854&charge=0
1-amino-2-propanol,CC(O)CN,Organique,14,52.463,52.0218,0.4412,0.841,NIST,B,78-96-6,,n/a,,,n/a,,⚪ B,https://cccbdb.nist.gov/exp2x.asp?casno=78966&charge=0
Isocyanoacetylene,C#C[N+]#[C-],Organique,5,24.2115,24.2395,0.028,0.116,ATcT_0K,A,66723-45-3,0.0103,n/a,,,n/a,,⚪ A,https://cccbdb.nist.gov/exp2x.asp?casno=66723453&charge=0
CuO,[Cu]=O,d-block,2,2.75,2.7157,0.0343,1.246,CRC,B,163686-95-1,,n/a,,,n/a,,⚪ B,https://cccbdb.nist.gov/exp2x.asp?casno=163686951&charge=0
Bromochloromethane,C(Cl)Br,Organique,5,14.5438,14.6052,0.0614,0.422,ATcT_0K,A,74-97-5,0.0135,ok_<1%,0.23,298K,one_source_fail,0.23,🟡 0.2%,https://cccbdb.nist.gov/exp2x.asp?casno=74975&charge=0
thiophene_blind,C1=CSC=C1,Organique,9,40.43,40.2976,0.1324,0.328,NIST,B,110-02-1,,ok_<1%,0.0,298K,ok_consensus,-0.0,🟢🟢 0.0%,https://cccbdb.nist.gov/exp2x.asp?casno=110021&charge=0
piperazine,C1CNCCN1,Organique,16,62.155,61.9258,0.2292,0.369,NIST,B,110-85-0,,n/a,,,ok_one_source,-0.5,🟢 0.5%,https://cccbdb.nist.gov/exp2x.asp?casno=110850&charge=0
propylbenzene,CCCc1ccccc1,Organique,21,93.882,93.5624,0.3196,0.34,NIST,B,103-65-1,,ok_<1%,0.0,298K,ok_consensus,0.0,🟢🟢 0.0%,https://cccbdb.nist.gov/exp2x.asp?casno=103651&charge=0
bromobenzene,C1=CC=C(C=C1)Br,Organique,12,55.931,55.4739,0.4571,0.817,NIST,B,108-86-1,0.0135,ok_<1%,0.0,298K,ok_consensus,0.0,🟢🟢 0.0%,https://cccbdb.nist.gov/exp2x.asp?casno=108861&charge=0
propanal,CCC=O,Organique,10,40.35,40.212,0.138,0.342,NIST,B,123-38-6,,ok_<1%,0.0,298K,ok_consensus,0.0,🟢🟢 0.0%,https://cccbdb.nist.gov/exp2x.asp?casno=123386&charge=0
BrCl,ClBr,Inorganique,2,2.173,2.2212,0.0482,2.219,ATcT_0K,A,13863-41-7,0.0006,fail_>2%,2.7,0K,conflict,2.7,🔴 2.7%,https://cccbdb.nist.gov/exp2x.asp?casno=13863417&charge=0
sec-butylamine,CCC(C)N,Organique,16,60.548,60.4937,0.0543,0.09,NIST,B,13952-84-6,,ok_<1%,0.03,298K,ok_one_source,0.03,🟢 0.0%,https://cccbdb.nist.gov/exp2x.asp?casno=13952846&charge=0
3-acetylpyridine,CC(=O)c1cccnc1,Organique,16,75.978,76.5151,0.5371,0.707,NIST,B,350-03-8,,n/a,,,n/a,,⚪ B,https://cccbdb.nist.gov/exp2x.asp?casno=350038&charge=0
resorcinol,OC1=CC(=CC=C1)O,Organique,14,66.149,66.3854,0.2364,0.357,NIST,B,108-46-3,,n/a,,,n/a,,⚪ B,https://cccbdb.nist.gov/exp2x.asp?casno=108463&charge=0
4-acetylpyridine,CC(=O)c1ccncc1,Organique,16,75.982,76.5218,0.5398,0.71,NIST,B,1122-54-9,,n/a,,,n/a,,⚪ B,https://cccbdb.nist.gov/exp2x.asp?casno=1122549&charge=0
NMP,CN1CCCC1=O,Organique,16,67.671,67.2474,0.4236,0.626,NIST,B,872-50-4,,n/a,,,n/a,,⚪ B,https://cccbdb.nist.gov/exp2x.asp?casno=872504&charge=0
indane,C1CC2=CC=CC=C2C1,Organique,19,89.326,89.6522,0.3262,0.365,NIST,B,496-11-7,,n/a,,,ok_one_source,-0.57,🟢 0.6%,https://cccbdb.nist.gov/exp2x.asp?casno=496117&charge=0
AlCl,[Al]Cl,Inorganique,2,5.13,5.1718,0.0418,0.816,JANAF,B,13595-81-8,,ok_<1%,0.73,0K,ok_consensus,0.73,🟢🟢 0.7%,https://cccbdb.nist.gov/exp2x.asp?casno=13595818&charge=0
iPrOH,CC(C)O,Organique,12,45.05,45.2143,0.1643,0.365,NIST,B,67-63-0,,ok_<1%,0.24,0K,ok_consensus,0.24,🟢🟢 0.2%,https://cccbdb.nist.gov/exp2x.asp?casno=67630&charge=0
Hypofluorous_acid,OF,Inorganique,3,6.4728,6.5336,0.0608,0.939,ATcT_0K,A,14034-79-8,,warn_1-2%,1.54,0K,ok_consensus,1.49,🟢🟢 1.5%,https://cccbdb.nist.gov/exp2x.asp?casno=14034798&charge=0
"2,5-dimethylfuran",Cc1ccc(C)o1,Organique,15,66.305,66.097,0.208,0.314,NIST,B,625-86-5,,n/a,,,n/a,,⚪ B,https://cccbdb.nist.gov/exp2x.asp?casno=625865&charge=0
2-methylfuran,CC1=CC=CO1,Organique,12,53.924,53.7375,0.3325,0.615,NIST,B,534-22-5,,n/a,,,ok_one_source,0.31,🟢 0.3%,https://cccbdb.nist.gov/exp2x.asp?casno=534225&charge=0
4-fluorotoluene,CC1=CC=C(F)C=C1,Organique,15,70.403,70.1393,0.2637,0.375,NIST,B,352-32-9,,n/a,,,n/a,,⚪ B,https://cccbdb.nist.gov/exp2x.asp?casno=352329&charge=0
ScF,[Sc]F,d-block,2,5.99,9.6538,3.6638,61.166,CRC,B,,,n/a,,,n/a,,⚪ B,https://webbook.nist.gov/cgi/cbook.cgi?Name=ScF&Mask=400&Units=SI
Cu2,[Cu][Cu],d-block,2,1.886,1.879,0.007,0.37,Gong2014,C,,,n/a,,,n/a,,⚪ C,https://webbook.nist.gov/cgi/cbook.cgi?Name=Cu2&Mask=400&Units=SI
I2,II,Inorganique,2,1.542,1.5858,0.0438,2.84,ATcT,A,7553-56-2,4.249365186298389e-05,ok_<1%,0.03,0K,ok_consensus,0.03,🟢🟢 0.0%,https://cccbdb.nist.gov/exp2x.asp?casno=7553562&charge=0
methyl_propyl_sulfide,CCCSC,Organique,15,56.031,55.8151,0.2159,0.385,NIST,B,3877-15-4,,n/a,,,n/a,,⚪ B,https://cccbdb.nist.gov/exp2x.asp?casno=3877154&charge=0
anisole,COc1ccccc1,Organique,16,73.357,73.77,0.413,0.563,NIST,B,100-66-3,,n/a,,,ok_one_source,0.1,🟢 0.1%,https://cccbdb.nist.gov/exp2x.asp?casno=100663&charge=0
CFCl3,FC(Cl)(Cl)Cl,Organique,5,14.81,14.7865,0.0235,0.159,NIST,B,75-69-4,0.007876872052650672,ok_<1%,0.01,0K,ok_consensus,0.01,🟢🟢 0.0%,https://cccbdb.nist.gov/exp2x.asp?casno=75694&charge=0
n-butylamine,CCCCN,Organique,16,60.416,60.3814,0.0346,0.057,NIST,B,109-73-9,,ok_<1%,0.05,298K,ok_one_source,0.05,🟢 0.1%,https://cccbdb.nist.gov/exp2x.asp?casno=109739&charge=0
methyl_propyl_ether,CCCOC,Organique,15,57.355,57.1266,0.2284,0.398,NIST,B,557-17-5,,ok_<1%,-0.0,298K,ok_one_source,-0.0,🟢 0.0%,https://cccbdb.nist.gov/exp2x.asp?casno=557175&charge=0
barbituric_acid,O=C1CC(=O)NC(=O)N1,Organique,13,61.892,61.697,0.195,0.315,NIST,B,67-52-7,,n/a,,,n/a,,⚪ B,https://cccbdb.nist.gov/exp2x.asp?casno=67527&charge=0
DMSO,CS(C)=O,Organique,10,35.29,35.4313,0.1413,0.4,NIST,B,67-68-5,,ok_<1%,0.39,298K,ok_one_source,0.39,🟢 0.4%,https://cccbdb.nist.gov/exp2x.asp?casno=67685&charge=0
pentanal,CCCCC=O,Organique,16,64.66,64.9182,0.2582,0.399,NIST,B,110-62-3,,ok_<1%,0.05,298K,ok_one_source,0.05,🟢 0.1%,https://cccbdb.nist.gov/exp2x.asp?casno=110623&charge=0
cumene,CC(C)c1ccccc1,Organique,21,94.004,94.3596,0.4376,0.466,NIST,B,98-82-8,,n/a,,,ok_one_source,-0.09,🟢 0.1%,https://cccbdb.nist.gov/exp2x.asp?casno=98828&charge=0
propionamide,CCC(=O)N,Organique,12,48.224,47.7506,0.4734,0.982,NIST,B,79-05-0,,ok_<1%,0.08,298K,ok_one_source,0.08,🟢 0.1%,https://cccbdb.nist.gov/exp2x.asp?casno=79050&charge=0
BeO,[Be]=O,Inorganique,2,4.54,4.3869,0.1531,3.373,HH,B,1304-56-9,,ok_<1%,-0.29,298K,ok_one_source,-0.29,🟢 0.3%,https://cccbdb.nist.gov/exp2x.asp?casno=1304569&charge=0
BeH,[Be][H],Inorganique,2,2.034,2.023,0.011,0.54,HH,B,,,n/a,,,n/a,,⚪ B,https://webbook.nist.gov/cgi/cbook.cgi?Name=BeH&Mask=400&Units=SI
2-methylpentane,CCCC(C)C,Organique,20,78.011,78.3314,0.3204,0.411,NIST,B,107-83-5,0.0076,ok_<1%,-0.0,298K,ok_consensus,-0.0,🟢🟢 0.0%,https://cccbdb.nist.gov/exp2x.asp?casno=107835&charge=0
phenylacetylene,C#CC1=CC=CC=C1,Organique,14,69.802,70.092,0.29,0.415,NIST,B,536-74-3,,ok_<1%,-0.0,298K,ok_consensus,-0.0,🟢🟢 0.0%,https://cccbdb.nist.gov/exp2x.asp?casno=536743&charge=0
PCl,[P]Cl,Inorganique,2,3.19,3.1218,0.0682,2.137,HH,B,,,n/a,,,n/a,,⚪ B,https://webbook.nist.gov/cgi/cbook.cgi?Name=PCl&Mask=400&Units=SI
piperidine,C1CCNCC1,Organique,17,67.67,67.7274,0.0574,0.085,NIST,B,110-89-4,,ok_<1%,-0.43,298K,ok_consensus,-0.43,🟢🟢 0.4%,https://cccbdb.nist.gov/exp2x.asp?casno=110894&charge=0
hexane,CCCCCC,Organique,20,77.93,78.2585,0.3285,0.421,NIST,B,110-54-3,,ok_<1%,-0.0,298K,ok_consensus,-0.0,🟢🟢 0.0%,https://cccbdb.nist.gov/exp2x.asp?casno=110543&charge=0
N-methylmorpholine,CN1CCOCC1,Organique,18,71.464,70.9488,0.5152,0.721,NIST,B,109-02-4,,n/a,,,n/a,,⚪ B,https://cccbdb.nist.gov/exp2x.asp?casno=109024&charge=0
SF,[S]F,Inorganique,2,3.36,3.4025,0.0425,1.264,HH,B,,,n/a,,,n/a,,⚪ B,https://webbook.nist.gov/cgi/cbook.cgi?Name=SF&Mask=400&Units=SI
Chlorodifluoromethane,C(F)(F)Cl,Organique,5,17.3838,17.4738,0.09,0.518,ATcT_0K,A,75-45-6,0.0103,warn_1-2%,1.14,298K,ok_consensus,0.74,🟢🟢 0.7%,https://cccbdb.nist.gov/exp2x.asp?casno=75456&charge=0
CH4,C,Organique,5,17.04,16.9665,0.0735,0.431,ATcT,A,74-82-8,0.0004560294346271441,ok_<1%,-0.13,0K,ok_consensus,-0.13,🟢🟢 0.1%,https://cccbdb.nist.gov/exp2x.asp?casno=74828&charge=0
3-methylpentane,CCC(C)CC,Organique,20,77.983,78.3209,0.3379,0.433,NIST,B,96-14-0,,ok_<1%,-0.0,298K,ok_consensus,-0.0,🟢🟢 0.0%,https://cccbdb.nist.gov/exp2x.asp?casno=96140&charge=0
1-pentyne,CCCC#C,Organique,13,53.719,53.9521,0.2331,0.434,NIST,B,627-19-0,,ok_<1%,-0.0,298K,ok_consensus,-0.0,🟢🟢 0.0%,https://cccbdb.nist.gov/exp2x.asp?casno=627190&charge=0
"1,2-dichloropropane",CC(CCl)Cl,Organique,11,40.05,40.2387,0.1887,0.471,NIST,B,78-87-5,,ok_<1%,-0.02,298K,ok_one_source,-0.02,🟢 0.0%,https://cccbdb.nist.gov/exp2x.asp?casno=78875&charge=0
"1,2-dichloroethane",C(CCl)Cl,Organique,8,27.753,27.892,0.139,0.501,NIST,B,107-06-2,,ok_<1%,0.08,298K,ok_consensus,0.08,🟢🟢 0.1%,https://cccbdb.nist.gov/exp2x.asp?casno=107062&charge=0
"1,2-dichloroethane",ClCCCl,Organique,8,27.753,27.892,0.139,0.501,NIST,B,107-06-2,,ok_<1%,0.08,298K,ok_consensus,0.08,🟢🟢 0.1%,https://cccbdb.nist.gov/exp2x.asp?casno=107062&charge=0
CHF3,FC(F)F,Organique,5,19.341,19.4405,0.0995,0.514,NIST,B,75-46-7,0.003938436026325336,ok_<1%,0.18,298K,ok_consensus,-0.0,🟢🟢 0.0%,https://cccbdb.nist.gov/exp2x.asp?casno=75467&charge=0
indene,C1=Cc2ccccc2C1,Organique,17,83.233,84.2489,0.9879,1.186,NIST,B,95-13-6,,ok_<1%,0.03,298K,ok_consensus,-0.01,🟢🟢 0.0%,https://cccbdb.nist.gov/exp2x.asp?casno=95136&charge=0
CF3Me,CC(F)(F)F,Organique,8,31.54,31.4029,0.1371,0.435,NIST,B,420-46-2,,warn_1-2%,1.02,298K,ok_consensus,0.92,🟢🟢 0.9%,https://cccbdb.nist.gov/exp2x.asp?casno=420462&charge=0
acetal,CCOC(OCC)C,Organique,22,86.028,85.6406,0.3874,0.45,NIST,B,105-57-7,,n/a,,,n/a,,⚪ B,https://cccbdb.nist.gov/exp2x.asp?casno=105577&charge=0
NS,[N]=S,Inorganique,2,4.85,4.8272,0.0228,0.471,HH,B,,,n/a,,,n/a,,⚪ B,https://webbook.nist.gov/cgi/cbook.cgi?Name=NS&Mask=400&Units=SI
tert-butylamine,CC(C)(C)N,Organique,16,60.717,60.7252,0.0082,0.014,NIST,B,75-64-9,,ok_<1%,-0.0,298K,ok_one_source,-0.0,🟢 0.0%,https://cccbdb.nist.gov/exp2x.asp?casno=75649&charge=0
allyl_alcohol,OCC=C,Organique,10,39.713,39.8955,0.1825,0.459,NIST,B,107-18-6,,ok_<1%,-0.02,298K,ok_consensus,-0.02,🟢🟢 0.0%,https://cccbdb.nist.gov/exp2x.asp?casno=107186&charge=0
NF3,FN(F)F,Inorganique,4,8.59,8.6927,0.1027,1.196,ATcT,A,7783-54-2,,n/a,,,ok_one_source,1.65,🟢 1.7%,https://cccbdb.nist.gov/exp2x.asp?casno=7783542&charge=0
isoxazole,C1=NOC=C1,Organique,8,35.729,35.5269,0.2021,0.566,NIST,B,288-14-2,,ok_<1%,-0.0,298K,ok_consensus,-0.0,🟢🟢 0.0%,https://cccbdb.nist.gov/exp2x.asp?casno=288142&charge=0
2-ethylhexanol,CCCCC(CC)CO,Organique,27,106.46,106.9461,0.4861,0.457,NIST,B,104-76-7,,n/a,,,n/a,,⚪ B,https://cccbdb.nist.gov/exp2x.asp?casno=104767&charge=0
allyl_alcohol,C=CCO,Organique,10,39.713,39.8955,0.1825,0.459,NIST,B,107-18-6,,ok_<1%,-0.02,298K,ok_consensus,-0.02,🟢🟢 0.0%,https://cccbdb.nist.gov/exp2x.asp?casno=107186&charge=0
"2,2-dimethylbutane",CCC(C)(C)C,Organique,20,78.126,78.4866,0.3606,0.462,NIST,B,75-83-2,0.0078,ok_<1%,-0.03,298K,ok_consensus,-0.02,🟢🟢 0.0%,https://cccbdb.nist.gov/exp2x.asp?casno=75832&charge=0
BrF,FBr,Inorganique,2,2.55,2.5618,0.0118,0.462,JANAF,B,13863-59-7,,ok_<1%,0.14,0K,ok_consensus,0.14,🟢🟢 0.1%,https://cccbdb.nist.gov/exp2x.asp?casno=13863597&charge=0
CH3F,CF,Organique,5,18.1,18.0179,0.0821,0.453,ATcT,A,593-53-3,0.002383790226460072,fail_>2%,-2.37,298K,conflict,-2.37,🔴 2.4%,https://cccbdb.nist.gov/exp2x.asp?casno=593533&charge=0
mesityl_oxide,CC(=CC(=O)C)C,Organique,17,71.625,71.9567,0.3317,0.463,NIST,B,141-79-7,,n/a,,,n/a,,⚪ B,https://cccbdb.nist.gov/exp2x.asp?casno=141797&charge=0
cumene,CC(C)C1=CC=CC=C1,Organique,21,93.922,94.3596,0.4376,0.466,NIST,B,98-82-8,,n/a,,,ok_one_source,0.0,🟢 0.0%,https://cccbdb.nist.gov/exp2x.asp?casno=98828&charge=0
diacetyl,CC(=O)C(=O)C,Organique,12,51.804,51.5619,0.2421,0.467,NIST,B,431-03-8,,ok_<1%,0.03,298K,ok_consensus,0.03,🟢🟢 0.0%,https://cccbdb.nist.gov/exp2x.asp?casno=431038&charge=0
Dihydrogen,[HH],Inorganique,2,4.4634,4.4843,0.0209,0.468,ATcT_0K,A,1333-74-0,0.0,ok_<1%,0.33,0K,ok_consensus,0.33,🟢🟢 0.3%,https://cccbdb.nist.gov/exp2x.asp?casno=1333740&charge=0
methyl_salicylate,COC(=O)C1=CC=CC=C1O,Organique,19,89.77,89.3476,0.4224,0.471,NIST,B,119-36-8,,n/a,,,n/a,,⚪ B,https://cccbdb.nist.gov/exp2x.asp?casno=119368&charge=0
C2F6,FC(F)(F)C(F)(F)F,Organique,8,33.722,33.8894,0.1674,0.496,NIST,B,76-16-4,,ok_<1%,-0.0,298K,ok_consensus,-0.0,🟢🟢 0.0%,https://cccbdb.nist.gov/exp2x.asp?casno=76164&charge=0
diisopropylamine,CC(C)NC(C)C,Organique,22,84.852,85.047,0.195,0.23,NIST,B,108-18-9,,n/a,,,n/a,,⚪ B,https://cccbdb.nist.gov/exp2x.asp?casno=108189&charge=0
2-acetylpyridine,CC(=O)c1ccccn1,Organique,16,75.92,76.545,0.625,0.823,NIST,B,1122-62-9,,n/a,,,ok_one_source,-0.18,🟢 0.2%,https://cccbdb.nist.gov/exp2x.asp?casno=1122629&charge=0
1-butanol,CCCCO,Organique,15,57.734,57.4593,0.2747,0.476,NIST,B,71-36-3,,ok_<1%,-0.0,298K,ok_consensus,-0.0,🟢🟢 0.0%,https://cccbdb.nist.gov/exp2x.asp?casno=71363&charge=0
diglyme,COCCOC,Organique,16,60.99,60.699,0.291,0.477,NIST,B,110-71-4,,ok_<1%,0.06,298K,ok_one_source,0.06,🟢 0.1%,https://cccbdb.nist.gov/exp2x.asp?casno=110714&charge=0
pyrazine,C1=CN=CC=N1,Organique,10,46.515,48.4311,1.9151,4.117,NIST,B,290-37-9,,ok_<1%,-0.0,298K,ok_consensus,-0.0,🟢🟢 0.0%,https://cccbdb.nist.gov/exp2x.asp?casno=290379&charge=0
23DMbut,CC(C)C(C)C,Organique,20,78.03,78.4023,0.3723,0.477,NIST,B,79-29-8,,ok_<1%,0.01,298K,ok_consensus,-0.01,🟢🟢 0.0%,https://cccbdb.nist.gov/exp2x.asp?casno=79298&charge=0
cyclopentanol,OC1CCCC1,Organique,16,64.824,65.1329,0.3089,0.477,NIST,B,96-41-3,,ok_<1%,0.01,298K,ok_consensus,0.01,🟢🟢 0.0%,https://cccbdb.nist.gov/exp2x.asp?casno=96413&charge=0
CP,[C]=[P],Organique,2,5.33,5.3557,0.0257,0.482,HH,B,,,n/a,,,n/a,,⚪ B,https://webbook.nist.gov/cgi/cbook.cgi?Name=CP&Mask=400&Units=SI
catechol,C1=CC=C(C(=C1)O)O,Organique,14,66.114,66.4326,0.3186,0.482,NIST,B,120-80-9,,n/a,,,ok_one_source,0.08,🟢 0.1%,https://cccbdb.nist.gov/exp2x.asp?casno=120809&charge=0
ScO,[Sc]=O,d-block,2,6.96,6.8914,0.0686,0.986,CRC,B,,,n/a,,,n/a,,⚪ B,https://webbook.nist.gov/cgi/cbook.cgi?Name=ScO&Mask=400&Units=SI
cyclohexanone,C1CCC(=O)CC1,Organique,17,72.087,72.4437,0.3567,0.495,NIST,B,108-94-1,,ok_<1%,0.07,298K,ok_one_source,0.07,🟢 0.1%,https://cccbdb.nist.gov/exp2x.asp?casno=108941&charge=0
VF2,F[V]F,d-block,3,12.945,18.9724,6.0274,46.562,JANAF,B,,,n/a,,,n/a,,⚪ B,https://webbook.nist.gov/cgi/cbook.cgi?Name=VF2&Mask=1&Units=SI
OCl,[O]Cl,Inorganique,2,2.75,2.7771,0.0271,0.987,HH,B,,,n/a,,,n/a,,⚪ B,https://webbook.nist.gov/cgi/cbook.cgi?Name=OCl&Mask=400&Units=SI
ClO,[Cl][O],Inorganique,2,2.75,2.7771,0.0271,0.987,HH,B,,,n/a,,,n/a,,⚪ B,https://webbook.nist.gov/cgi/cbook.cgi?Name=ClO&Mask=400&Units=SI
benzonitrile,C1=CC=C(C=C1)C#N,Organique,13,65.956,64.8135,1.1425,1.732,NIST,B,100-47-0,0.0096,ok_<1%,-0.05,298K,ok_consensus,0.04,🟢🟢 0.0%,https://cccbdb.nist.gov/exp2x.asp?casno=100470&charge=0
triethylamine,CCN(CC)CC,Organique,22,84.315,84.5855,0.2705,0.321,NIST,B,121-44-8,,ok_<1%,0.51,298K,ok_consensus,0.05,🟢🟢 0.1%,https://cccbdb.nist.gov/exp2x.asp?casno=121448&charge=0
phenol,Oc1ccccc1,Organique,13,60.83,61.1376,0.3076,0.506,NIST,B,108-95-2,,warn_1-2%,-1.02,0K,ok_consensus,-1.02,🟢🟢 1.0%,https://cccbdb.nist.gov/exp2x.asp?casno=108952&charge=0
CH3CHO,CC=O,Organique,7,28.02,27.8774,0.1426,0.509,ATcT,A,75-07-0,,ok_<1%,-0.37,0K,ok_consensus,-0.37,🟢🟢 0.4%,https://cccbdb.nist.gov/exp2x.asp?casno=75070&charge=0
isobutanol,CC(C)CO,Organique,15,57.83,57.5287,0.3013,0.521,NIST,B,78-83-1,,ok_<1%,-0.0,298K,ok_consensus,-0.0,🟢🟢 0.0%,https://cccbdb.nist.gov/exp2x.asp?casno=78831&charge=0
delta_valerolactone,O=C1CCCCO1,Organique,15,64.349,64.0133,0.3357,0.522,NIST,B,542-28-9,,n/a,,,n/a,,⚪ B,https://cccbdb.nist.gov/exp2x.asp?casno=542289&charge=0
BH,[B][H],Inorganique,2,3.42,3.4378,0.0178,0.522,HH,B,,,n/a,,,n/a,,⚪ B,https://webbook.nist.gov/cgi/cbook.cgi?Name=BH&Mask=400&Units=SI
hydroquinone,C1=CC(=CC=C1O)O,Organique,14,66.039,66.3857,0.3467,0.525,NIST,B,123-31-9,,n/a,,,n/a,,⚪ B,https://cccbdb.nist.gov/exp2x.asp?casno=123319&charge=0
Fluorotrichloromethane,C(F)(Cl)(Cl)Cl,Organique,5,14.83,14.7865,0.0435,0.293,ATcT_0K,A,75-69-4,0.0079,ok_<1%,-0.12,0K,ok_consensus,-0.12,🟢🟢 0.1%,https://cccbdb.nist.gov/exp2x.asp?casno=75694&charge=0
"1,2,3-trimethylbenzene",Cc1cccc(C)c1C,Organique,21,94.062,93.5629,0.4991,0.531,NIST,B,526-73-8,,n/a,,,n/a,,⚪ B,https://cccbdb.nist.gov/exp2x.asp?casno=526738&charge=0
styrene_oxide,C1(CO1)C2=CC=CC=C2,Organique,17,79.843,79.4184,0.4246,0.532,NIST,B,96-09-3,,n/a,,,n/a,,⚪ B,https://cccbdb.nist.gov/exp2x.asp?casno=96093&charge=0
EtSH,CCS,Organique,9,31.76,31.5906,0.1694,0.533,NIST,B,75-08-1,,ok_<1%,0.01,298K,ok_consensus,0.01,🟢🟢 0.0%,https://cccbdb.nist.gov/exp2x.asp?casno=75081&charge=0
cis_1_2_Dibromoethene,C(=C\Br)\Br,Organique,6,20.2872,20.3983,0.1111,0.548,ATcT_0K,A,590-11-4,,n/a,,,n/a,,⚪ A,https://cccbdb.nist.gov/exp2x.asp?casno=590114&charge=0
1_2_Dibromoethene,C(=CBr)Br,Organique,6,20.2872,20.3983,0.1111,0.548,ATcT_0K,A,540-49-8,,n/a,,,n/a,,⚪ A,https://cccbdb.nist.gov/exp2x.asp?casno=540498&charge=0
Nitrous_acid,N(=O)O,Inorganique,4,12.9725,12.7951,0.1774,1.368,ATcT_0K,A,7782-77-6,,ok_<1%,0.12,0K,ok_consensus,0.12,🟢🟢 0.1%,https://cccbdb.nist.gov/exp2x.asp?casno=7782776&charge=0
furan,c1ccoc1,Organique,9,41.09,41.3558,0.2658,0.647,NIST,B,110-00-9,,n/a,,,ok_one_source,1.45,🟢 1.4%,https://cccbdb.nist.gov/exp2x.asp?casno=110009&charge=0
pyrimidine,C1=CN=CN=C1,Organique,10,46.518,46.5977,0.0797,0.171,NIST,B,289-95-2,,ok_<1%,-0.0,298K,ok_consensus,-0.0,🟢🟢 0.0%,https://cccbdb.nist.gov/exp2x.asp?casno=289952&charge=0
trans_1_2_Dibromoethene,C(=C/Br)\Br,Organique,6,20.2851,20.3983,0.1132,0.558,ATcT_0K,A,,,n/a,,,n/a,,⚪ A,https://webbook.nist.gov/cgi/cbook.cgi?Name=trans_1_2_Dibromoethene&Mask=1&Units=SI
"1,2-dibromoethane",BrCCBr,Organique,8,26.616,26.7663,0.1503,0.565,NIST,B,106-93-4,,n/a,,,ok_one_source,-0.06,🟢 0.1%,https://cccbdb.nist.gov/exp2x.asp?casno=106934&charge=0
NOBr,BrN=O,Inorganique,3,7.791,7.8635,0.0725,0.931,JANAF,B,13444-87-6,,ok_<1%,-0.02,298K,ok_one_source,-0.02,🟢 0.0%,https://cccbdb.nist.gov/exp2x.asp?casno=13444876&charge=0
diallyl_sulfide,C=CCSCC=C,Organique,17,69.34,70.0834,0.7434,1.072,Pedley1986,?,592-88-1,0.018,n/a,,,n/a,,⚪ ?,https://cccbdb.nist.gov/exp2x.asp?casno=592881&charge=0
biphenyl,C1=CC=C(C=C1)C2=CC=CC=C2,Organique,22,109.842,108.8785,0.9645,0.878,NIST,B,92-52-4,,ok_<1%,-0.0,298K,ok_one_source,-0.0,🟢 0.0%,https://cccbdb.nist.gov/exp2x.asp?casno=92524&charge=0
anisole,COC1=CC=CC=C1,Organique,16,73.357,73.77,0.413,0.563,NIST,B,100-66-3,,ok_<1%,0.12,298K,ok_consensus,0.1,🟢🟢 0.1%,https://cccbdb.nist.gov/exp2x.asp?casno=100663&charge=0
MeCN,CC#N,Organique,6,25.77,25.5199,0.2501,0.97,NIST,B,75-05-8,,ok_<1%,0.37,298K,ok_consensus,-0.02,🟢🟢 0.0%,https://cccbdb.nist.gov/exp2x.asp?casno=75058&charge=0
Br2,BrBr,Inorganique,2,1.971,1.9597,0.0113,0.573,ATcT,A,7726-95-6,,n/a,,,ok_one_source,1.41,🟢 1.4%,https://cccbdb.nist.gov/exp2x.asp?casno=7726956&charge=0
Au2,[Au][Au],d-block,2,2.29,2.3024,0.0124,0.539,Morse2019,C,,,n/a,,,n/a,,⚪ C,https://webbook.nist.gov/cgi/cbook.cgi?Name=Au2&Mask=400&Units=SI
"1,2,4-trimethylbenzene",Cc1ccc(C)c(C)c1,Organique,21,94.107,93.5604,0.5466,0.581,NIST,B,95-63-6,,n/a,,,ok_one_source,0.0,🟢 0.0%,https://cccbdb.nist.gov/exp2x.asp?casno=95636&charge=0
propane,CCC,Organique,11,41.44,41.1983,0.2417,0.583,NIST,B,74-98-6,,ok_<1%,0.01,298K,ok_consensus,0.01,🟢🟢 0.0%,https://cccbdb.nist.gov/exp2x.asp?casno=74986&charge=0
SiO,[Si]#[O],Inorganique,,8.26,8.2083,0.0517,0.625,ATcT,A,10097-28-6,,n/a,,,n/a,,⚪ A,https://cccbdb.nist.gov/exp2x.asp?casno=10097286&charge=0
NaI,[Na]I,Inorganique,2,3.04,3.0929,0.0529,1.74,JANAF,B,7681-82-5,,n/a,,,n/a,,⚪ B,https://cccbdb.nist.gov/exp2x.asp?casno=7681825&charge=0
S2,[S]=[S],Inorganique,2,4.369,4.3947,0.0257,0.587,ATcT,A,23550-45-0,,ok_<1%,0.0,0K,ok_consensus,0.0,🟢🟢 0.0%,https://cccbdb.nist.gov/exp2x.asp?casno=23550450&charge=0
Difluorobromomethane,C(F)(F)Br,Organique,5,16.6348,16.64,0.247,1.463,ATcT_0K,A,1511-62-2,0.0048,warn_1-2%,1.59,298K,ok_consensus,1.39,🟢🟢 1.4%,https://cccbdb.nist.gov/exp2x.asp?casno=1511622&charge=0
hexanal,CCCCCC=O,Organique,19,76.83,77.2828,0.4528,0.589,NIST,B,66-25-1,,ok_<1%,0.03,298K,ok_one_source,0.03,🟢 0.0%,https://cccbdb.nist.gov/exp2x.asp?casno=66251&charge=0
heptane,CCCCCCC,Organique,23,90.09,90.6219,0.5319,0.59,NIST,B,142-82-5,,ok_<1%,0.0,298K,ok_consensus,0.0,🟢🟢 0.0%,https://cccbdb.nist.gov/exp2x.asp?casno=142825&charge=0
spiropentane,C1CC11CC1,Organique,13,53.295,53.6104,0.3154,0.592,NIST,B,157-40-4,,ok_<1%,-0.0,298K,ok_one_source,-0.0,🟢 0.0%,https://cccbdb.nist.gov/exp2x.asp?casno=157404&charge=0
"2,4-dimethylpentane",CC(C)CC(C)C,Organique,23,90.236,90.7732,0.5372,0.595,NIST,B,108-08-7,,n/a,,,n/a,,⚪ B,https://cccbdb.nist.gov/exp2x.asp?casno=108087&charge=0
2-butene_trans,CC=CC,Organique,12,47.903,48.1889,0.2859,0.597,NIST,B,107-01-7,,n/a,,,n/a,,⚪ B,https://cccbdb.nist.gov/exp2x.asp?casno=107017&charge=0
"1,1,1-trifluoroacetone",CC(=O)C(F)(F)F,Organique,10,42.632,42.892,0.26,0.61,NIST,B,421-50-1,,n/a,,,n/a,,⚪ B,https://cccbdb.nist.gov/exp2x.asp?casno=421501&charge=0
2-methylhexane,CCCCC(C)C,Organique,23,90.162,90.7049,0.5429,0.602,NIST,B,591-76-4,,ok_<1%,0.01,298K,ok_one_source,0.01,🟢 0.0%,https://cccbdb.nist.gov/exp2x.asp?casno=591764&charge=0
C2H2,C#C,Organique,4,17.07,17.1733,0.1033,0.605,ATcT,A,74-86-2,,ok_<1%,-0.31,298K,ok_consensus,-0.31,🟢🟢 0.3%,https://cccbdb.nist.gov/exp2x.asp?casno=74862&charge=0
cyclopentanone,O=C1CCCC1,Organique,14,59.788,60.1494,0.3614,0.605,NIST,B,120-92-3,,ok_<1%,-0.0,298K,ok_consensus,-0.0,🟢🟢 0.0%,https://cccbdb.nist.gov/exp2x.asp?casno=120923&charge=0
"1,3,5-trimethylbenzene",Cc1cc(C)cc(C)c1,Organique,21,94.131,93.5609,0.5701,0.606,NIST,B,108-67-8,,n/a,,,ok_one_source,0.01,🟢 0.0%,https://cccbdb.nist.gov/exp2x.asp?casno=108678&charge=0
CHFCl2,FC(Cl)Cl,Organique,5,15.977,15.9119,0.0651,0.407,NIST,B,75-43-4,,ok_<1%,-0.1,298K,ok_consensus,0.0,🟢🟢 0.0%,https://cccbdb.nist.gov/exp2x.asp?casno=75434&charge=0
ethylbenzene,CCc1ccccc1,Organique,18,81.708,81.2085,0.4995,0.611,NIST,B,100-41-4,,ok_<1%,-0.0,298K,ok_consensus,-0.0,🟢🟢 0.0%,https://cccbdb.nist.gov/exp2x.asp?casno=100414&charge=0
3-methylhexane,CCCC(C)CC,Organique,23,90.128,90.6849,0.5569,0.618,NIST,B,589-34-4,,ok_<1%,0.01,298K,ok_one_source,0.01,🟢 0.0%,https://cccbdb.nist.gov/exp2x.asp?casno=589344&charge=0
glyoxylic_acid,OC(=O)C=O,Organique,7,32.025,32.2224,0.1974,0.616,NIST,B,298-12-4,,n/a,,,single_fail,-11.66,🟠 11.7%,https://cccbdb.nist.gov/exp2x.asp?casno=298124&charge=0
chloroform,ClC(Cl)Cl,Organique,5,14.527,14.5101,0.0169,0.117,NIST,B,67-66-3,0.004,ok_<1%,-0.03,298K,ok_consensus,-0.01,🟢🟢 0.0%,https://cccbdb.nist.gov/exp2x.asp?casno=67663&charge=0
MEK,CC(=O)CC,Organique,13,52.84,52.512,0.328,0.621,NIST,B,78-93-3,,ok_<1%,0.0,298K,ok_consensus,0.0,🟢🟢 0.0%,https://cccbdb.nist.gov/exp2x.asp?casno=78933&charge=0
"1,4-dioxane",C1COCCO1,Organique,14,56.22,55.8697,0.3503,0.623,NIST,B,123-91-1,,ok_<1%,-0.0,298K,ok_consensus,-0.0,🟢🟢 0.0%,https://cccbdb.nist.gov/exp2x.asp?casno=123911&charge=0
C2,[C]#[C],Organique,2,6.248,6.287,0.039,0.624,Bao2021,C,,,n/a,,,n/a,,⚪ C,https://webbook.nist.gov/cgi/cbook.cgi?Name=C2&Mask=400&Units=SI
EtCl,CCCl,Organique,8,28.57,28.3996,0.1704,0.596,NIST,B,75-00-3,,ok_<1%,0.01,298K,ok_consensus,0.01,🟢🟢 0.0%,https://cccbdb.nist.gov/exp2x.asp?casno=75003&charge=0
ClF,FCl,Inorganique,2,2.62,2.6036,0.0164,0.626,JANAF,B,7790-89-8,0.0003109291599730528,ok_<1%,-0.72,298K,ok_consensus,-0.72,🟢🟢 0.7%,https://cccbdb.nist.gov/exp2x.asp?casno=7790898&charge=0
LiCl,[Li]Cl,Inorganique,2,4.9,4.9405,0.0405,0.826,CCCBDB,B,7447-41-8,,ok_<1%,0.36,0K,ok_consensus,0.34,🟢🟢 0.3%,https://cccbdb.nist.gov/exp2x.asp?casno=7447418&charge=0
HOCl,ClO,Inorganique,3,6.871,6.9538,0.0828,1.204,ATcT,A,7790-92-3,,ok_<1%,0.0,298K,ok_consensus,0.0,🟢🟢 0.0%,https://cccbdb.nist.gov/exp2x.asp?casno=7790923&charge=0
NF,[N]F,Inorganique,2,3.47,3.5071,0.0371,1.068,HH,B,,,n/a,,,n/a,,⚪ B,https://webbook.nist.gov/cgi/cbook.cgi?Name=NF&Mask=400&Units=SI
2-butanone,CCC(=O)C,Organique,13,52.846,52.5085,0.3375,0.639,NIST,B,78-93-3,,ok_<1%,-0.01,298K,ok_consensus,-0.01,🟢🟢 0.0%,https://cccbdb.nist.gov/exp2x.asp?casno=78933&charge=0
3-cyanopyridine,N#Cc1cccnc1,Organique,12,60.523,61.0765,0.5535,0.914,NIST,B,100-54-9,,n/a,,,n/a,,⚪ B,https://cccbdb.nist.gov/exp2x.asp?casno=100549&charge=0
3-ethylpentane,CCC(CC)CC,Organique,23,90.11,90.6883,0.5783,0.642,NIST,B,617-78-7,,n/a,,,n/a,,⚪ B,https://cccbdb.nist.gov/exp2x.asp?casno=617787&charge=0
naphthalene,c1ccc2ccccc2c1,Organique,18,89.15,91.1741,1.3027,1.45,NIST,B,91-20-3,0.0058,n/a,,,n/a,,⚪ B,https://cccbdb.nist.gov/exp2x.asp?casno=91203&charge=0
diethyl_sulfoxide,CCS(=O)CC,Organique,16,59.885,60.2716,0.3866,0.646,NIST,B,70-29-1,,ok_<1%,0.0,298K,ok_one_source,0.0,🟢 0.0%,https://cccbdb.nist.gov/exp2x.asp?casno=70291&charge=0
furfural,O=CC1=CC=CO1,Organique,11,52.907,53.2496,0.3426,0.647,NIST,B,98-01-1,,n/a,,,ok_one_source,-0.03,🟢 0.0%,https://cccbdb.nist.gov/exp2x.asp?casno=98011&charge=0
THT,C1CCSC1,Organique,13,50.83,51.1625,0.3325,0.654,NIST,B,110-01-0,,ok_<1%,0.36,298K,ok_consensus,0.29,🟢🟢 0.3%,https://cccbdb.nist.gov/exp2x.asp?casno=110010&charge=0
Hydrogen_fluoride,F,Inorganique,2,5.8661,5.8273,0.0388,0.661,ATcT_0K,A,7664-39-3,,ok_<1%,0.1,0K,ok_consensus,0.1,🟢🟢 0.1%,https://cccbdb.nist.gov/exp2x.asp?casno=7664393&charge=0
"2,3-dimethylpentane",CC(C)C(C)CC,Organique,23,90.157,90.7575,0.6005,0.666,NIST,B,565-59-3,,n/a,,,n/a,,⚪ B,https://cccbdb.nist.gov/exp2x.asp?casno=565593&charge=0
Et2O,CCOCC,Organique,15,57.5,57.1137,0.3863,0.672,NIST,B,60-29-7,,ok_<1%,-0.02,298K,ok_consensus,0.01,🟢🟢 0.0%,https://cccbdb.nist.gov/exp2x.asp?casno=60297&charge=0
"3,3-dimethylpentane",CCC(C)(C)CC,Organique,23,90.231,90.8386,0.6076,0.673,NIST,B,562-49-2,,n/a,,,ok_one_source,-0.02,🟢 0.0%,https://cccbdb.nist.gov/exp2x.asp?casno=562492&charge=0
O2,O=O,Inorganique,2,5.116,5.1505,0.0345,0.674,ATcT,A,7782-44-7,,ok_<1%,0.01,0K,ok_consensus,0.01,🟢🟢 0.0%,https://cccbdb.nist.gov/exp2x.asp?casno=7782447&charge=0
SOBr2,BrS(Br)=O,Inorganique,4,8.707,8.8303,0.1233,1.416,Gurvich,B,507-16-4,,n/a,,,n/a,,⚪ B,https://cccbdb.nist.gov/exp2x.asp?casno=507164&charge=0
2-butanol,CCC(O)C,Organique,15,57.922,57.5283,0.3947,0.681,NIST,B,78-92-2,,n/a,,,ok_one_source,0.05,🟢 0.0%,https://cccbdb.nist.gov/exp2x.asp?casno=78922&charge=0
dimethyl_disulfide,CSSC,Organique,10,34.408,34.6424,0.2344,0.681,NIST,B,624-92-0,,ok_<1%,-0.0,298K,ok_consensus,-0.0,🟢🟢 0.0%,https://cccbdb.nist.gov/exp2x.asp?casno=624920&charge=0
N-methylformamide,CNC=O,Organique,9,35.614,35.1526,0.4614,1.295,NIST,B,123-39-7,,n/a,,,n/a,,⚪ B,https://cccbdb.nist.gov/exp2x.asp?casno=123397&charge=0
2-butanol,CCC(C)O,Organique,15,57.923,57.5283,0.3947,0.681,NIST,B,78-92-2,,n/a,,,ok_one_source,0.04,🟢 0.0%,https://cccbdb.nist.gov/exp2x.asp?casno=78922&charge=0
Tetrachloromethane,C(Cl)(Cl)(Cl)Cl,Organique,5,13.2588,13.3937,0.1349,1.018,ATcT_0K,A,56-23-5,0.0042,ok_<1%,0.29,0K,ok_one_source,0.29,🟢 0.3%,https://cccbdb.nist.gov/exp2x.asp?casno=56235&charge=0
"1,2-epoxybutane",CCC1CO1,Organique,13,51.323,50.9684,0.3546,0.691,NIST,B,106-88-7,,n/a,,,ok_one_source,0.48,🟢 0.5%,https://cccbdb.nist.gov/exp2x.asp?casno=106887&charge=0
BS,[B]#[S],Inorganique,2,5.8,5.8377,0.0377,0.649,HH,B,,,n/a,,,n/a,,⚪ B,https://webbook.nist.gov/cgi/cbook.cgi?Name=BS&Mask=400&Units=SI
2-methylfuran,Cc1ccco1,Organique,12,54.07,53.7375,0.3325,0.615,NIST,B,534-22-5,,n/a,,,ok_one_source,0.04,🟢 0.0%,https://cccbdb.nist.gov/exp2x.asp?casno=534225&charge=0
anthracene,C1=CC2=CC3=CC=CC=C3C=C2C=C1,Organique,24,124.191,125.0496,0.8586,0.691,NIST,B,120-12-7,,ok_<1%,0.08,298K,ok_consensus,0.08,🟢🟢 0.1%,https://cccbdb.nist.gov/exp2x.asp?casno=120127&charge=0
BeF2,F[Be]F,Inorganique,3,13.17,12.7946,0.3754,2.851,CCCBDB,B,7787-49-7,,n/a,,,n/a,,⚪ B,https://cccbdb.nist.gov/exp2x.asp?casno=7787497&charge=0
diethylamine,CCNCC,Organique,16,60.74,60.1018,0.6382,1.051,NIST,B,109-89-7,,n/a,,,n/a,,⚪ B,https://cccbdb.nist.gov/exp2x.asp?casno=109897&charge=0
2-methyl-2-butene,CC=C(C)C,Organique,15,60.166,60.5927,0.4267,0.709,NIST,B,513-35-9,,ok_<1%,-0.02,298K,ok_consensus,-0.02,🟢🟢 0.0%,https://cccbdb.nist.gov/exp2x.asp?casno=513359&charge=0
Dibromofluorochloromethane,C(F)(Cl)(Br)Br,Organique,5,13.4937,13.4116,0.0821,0.609,ATcT_0K,A,353-55-9,0.0508,n/a,,,single_fail,2.04,🟠 2.0%,https://cccbdb.nist.gov/exp2x.asp?casno=353559&charge=0
BN,[B]=[N],Inorganique,2,3.9,4.0224,0.1224,3.139,CRC/Luo,B,,,n/a,,,n/a,,⚪ B,https://webbook.nist.gov/cgi/cbook.cgi?Name=BN&Mask=400&Units=SI
Dibromomethane,C(Br)Br,Organique,5,13.8914,13.9927,0.1013,0.729,ATcT_0K,A,74-95-3,0.0114,ok_<1%,0.58,0K,one_source_fail,0.58,🟡 0.6%,https://cccbdb.nist.gov/exp2x.asp?casno=74953&charge=0
HF,[H]F,Inorganique,2,5.869,5.8273,0.0417,0.71,ATcT,A,7664-39-3,,ok_<1%,0.05,0K,ok_consensus,0.05,🟢🟢 0.0%,https://cccbdb.nist.gov/exp2x.asp?casno=7664393&charge=0
acetylacetone,CC(=O)CC(=O)C,Organique,15,64.327,63.8646,0.4624,0.719,NIST,B,123-54-6,,ok_<1%,0.06,298K,ok_one_source,0.06,🟢 0.1%,https://cccbdb.nist.gov/exp2x.asp?casno=123546&charge=0
tBuOH,CC(C)(C)O,Organique,15,58.13,57.7121,0.4179,0.719,NIST,B,75-65-0,,ok_<1%,-0.01,298K,ok_one_source,-0.01,🟢 0.0%,https://cccbdb.nist.gov/exp2x.asp?casno=75650&charge=0
fluorene,C1=CC=C2C(=C1)CC3=CC=CC=C32,Organique,23,117.312,118.1617,0.8497,0.724,NIST,B,86-73-7,,ok_<1%,0.01,298K,ok_consensus,0.0,🟢🟢 0.0%,https://cccbdb.nist.gov/exp2x.asp?casno=86737&charge=0
TMP,CP(C)C,Organique,13,46.01,45.6766,0.3334,0.725,NIST,B,594-09-2,,n/a,,,single_fail,2.04,🟠 2.0%,https://cccbdb.nist.gov/exp2x.asp?casno=594092&charge=0
octane,CCCCCCCC,Organique,26,102.25,102.9911,0.7411,0.725,NIST,B,111-65-9,,ok_<1%,0.0,298K,ok_consensus,0.0,🟢🟢 0.0%,https://cccbdb.nist.gov/exp2x.asp?casno=111659&charge=0
Dichloromethane,C(Cl)Cl,Organique,5,15.2319,15.369,0.1371,0.9,ATcT_0K,A,75-09-2,0.0034,ok_<1%,0.07,0K,ok_consensus,0.07,🟢🟢 0.1%,https://cccbdb.nist.gov/exp2x.asp?casno=75092&charge=0
o-xylene,Cc1ccccc1C,Organique,18,81.819,81.2222,0.5968,0.729,NIST,B,95-47-6,,n/a,,,ok_one_source,0.0,🟢 0.0%,https://cccbdb.nist.gov/exp2x.asp?casno=95476&charge=0
CrO,[Cr]=O,d-block,2,4.649,4.4725,0.1765,3.797,CRC,B,196696-65-8,,n/a,,,n/a,,⚪ B,https://cccbdb.nist.gov/exp2x.asp?casno=196696658&charge=0
"2,2,3-trimethylbutane",CC(C)C(C)(C)C,Organique,23,90.264,90.925,0.661,0.732,NIST,B,464-06-2,,n/a,,,n/a,,⚪ B,https://cccbdb.nist.gov/exp2x.asp?casno=464062&charge=0
CoO,[Co]=O,d-block,2,3.94,4.0339,0.0939,2.384,CRC,B,791121-04-5,0.01761931906513966,n/a,,,ok_one_source,-0.68,🟢 0.7%,https://cccbdb.nist.gov/exp2x.asp?casno=791121045&charge=0
cHex,C1CCCCC1,Organique,18,72.96,73.4986,0.5386,0.738,NIST,B,110-82-7,,ok_<1%,-0.01,298K,ok_consensus,-0.01,🟢🟢 0.0%,https://cccbdb.nist.gov/exp2x.asp?casno=110827&charge=0
4-cyanopyridine,N#Cc1ccncc1,Organique,12,60.465,61.0808,0.6158,1.018,NIST,B,100-48-1,,n/a,,,n/a,,⚪ B,https://cccbdb.nist.gov/exp2x.asp?casno=100481&charge=0
Tribromofluoromethane,C(F)(Br)(Br)Br,Organique,5,12.6796,12.778,0.0984,0.776,ATcT_0K,A,353-54-8,0.0155,n/a,,,single_fail,3.32,🟠 3.3%,https://cccbdb.nist.gov/exp2x.asp?casno=353548&charge=0
p-xylene,Cc1ccc(C)cc1,Organique,18,81.831,81.2199,0.6111,0.747,NIST,B,106-42-3,,ok_<1%,0.0,298K,ok_consensus,0.0,🟢🟢 0.0%,https://cccbdb.nist.gov/exp2x.asp?casno=106423&charge=0
Bromotrichloromethane,C(Cl)(Cl)(Cl)Br,Organique,5,12.5603,12.6881,0.1278,1.017,ATcT_0K,A,75-62-7,0.0056,warn_1-2%,1.86,298K,one_source_fail,1.86,🟡 1.9%,https://cccbdb.nist.gov/exp2x.asp?casno=75627&charge=0
valeronitrile,CCCCC#N,Organique,15,62.269,61.6991,0.5699,0.915,NIST,B,110-59-8,,ok_<1%,-0.02,298K,ok_one_source,-0.02,🟢 0.0%,https://cccbdb.nist.gov/exp2x.asp?casno=110598&charge=0
m-xylene,Cc1cccc(C)c1,Organique,18,81.839,81.2139,0.6251,0.764,NIST,B,108-38-3,,n/a,,,n/a,,⚪ B,https://cccbdb.nist.gov/exp2x.asp?casno=108383&charge=0
m-cresol,Cc1cccc(O)c1,Organique,16,74.024,73.4571,0.5669,0.766,NIST,B,108-39-4,,n/a,,,n/a,,⚪ B,https://cccbdb.nist.gov/exp2x.asp?casno=108394&charge=0
benzaldehyde,O=Cc1ccccc1,Organique,14,68.52,67.9952,0.5248,0.766,NIST,B,100-52-7,,ok_<1%,-0.0,298K,ok_consensus,-0.0,🟢🟢 0.0%,https://cccbdb.nist.gov/exp2x.asp?casno=100527&charge=0
di-n-butylamine,CCCCNCCCC,Organique,28,108.874,109.4953,0.6213,0.571,NIST,B,111-92-2,,n/a,,,n/a,,⚪ B,https://cccbdb.nist.gov/exp2x.asp?casno=111922&charge=0
thioanisole,CSc1ccccc1,Organique,16,72.207,71.6535,0.5535,0.767,NIST,B,100-68-5,,n/a,,,n/a,,⚪ B,https://cccbdb.nist.gov/exp2x.asp?casno=100685&charge=0
isobuten,C=C(C)C,Organique,12,47.96,48.3284,0.3684,0.768,NIST,B,115-11-7,,ok_<1%,0.02,298K,ok_consensus,0.01,🟢🟢 0.0%,https://cccbdb.nist.gov/exp2x.asp?casno=115117&charge=0
Si2,[Si]=[Si],Inorganique,2,3.21,3.2349,0.0249,0.774,HH,B,12597-35-2,0.01658288853189615,ok_<1%,0.74,0K,ok_one_source,0.74,🟢 0.7%,https://cccbdb.nist.gov/exp2x.asp?casno=12597352&charge=0
EtSMe,CCSC,Organique,12,43.85,43.5089,0.3411,0.778,NIST,B,624-89-5,,ok_<1%,0.01,298K,ok_one_source,0.01,🟢 0.0%,https://cccbdb.nist.gov/exp2x.asp?casno=624895&charge=0
ethanolamine,NCCO,Organique,11,40.216,39.6293,0.5867,1.459,NIST,B,141-43-5,,n/a,,,n/a,,⚪ B,https://cccbdb.nist.gov/exp2x.asp?casno=141435&charge=0
Cr2,[Cr][Cr],d-block,2,1.53,1.5245,0.0055,0.362,Casey1993,C,,,n/a,,,n/a,,⚪ C,https://webbook.nist.gov/cgi/cbook.cgi?Name=Cr2&Mask=400&Units=SI
isooctane,CC(C)CC(C)(C)C,Organique,26,102.5,103.3048,0.8048,0.785,NIST,B,85404-20-2,,n/a,,,n/a,,⚪ B,https://cccbdb.nist.gov/exp2x.asp?casno=85404202&charge=0
crotonaldehyde,CC=CC=O,Organique,11,46.915,47.284,0.369,0.786,NIST,B,4170-30-3,,ok_<1%,0.15,298K,ok_one_source,0.15,🟢 0.2%,https://cccbdb.nist.gov/exp2x.asp?casno=4170303&charge=0
"1,1,1-trichloroethane",CC(Cl)(Cl)Cl,Organique,8,26.902,26.7166,0.1854,0.689,NIST,B,71-55-6,0.0053,ok_<1%,0.01,298K,ok_consensus,0.01,🟢🟢 0.0%,https://cccbdb.nist.gov/exp2x.asp?casno=71556&charge=0
ScCl,[Sc]Cl,d-block,2,4.62,6.1444,1.5244,32.995,CRC,B,,,n/a,,,n/a,,⚪ B,https://webbook.nist.gov/cgi/cbook.cgi?Name=ScCl&Mask=400&Units=SI
"2,3-dimethylhexane",CCC(C)C(C)CC,Organique,26,102.309,103.1196,0.8106,0.792,NIST,B,583-48-2,,n/a,,,n/a,,⚪ B,https://cccbdb.nist.gov/exp2x.asp?casno=583482&charge=0
thioacetone,CC(=S)C,Organique,10,38.96,39.2711,0.3111,0.798,NIST,B,4756-05-2,,n/a,,,n/a,,⚪ B,https://cccbdb.nist.gov/exp2x.asp?casno=4756052&charge=0
methylcyclohexane,CC1CCCCC1,Organique,21,85.23,85.9129,0.6829,0.801,NIST,B,108-87-2,,n/a,,,n/a,,⚪ B,https://cccbdb.nist.gov/exp2x.asp?casno=108872&charge=0
2-cyanopyridine,N#Cc1ccccn1,Organique,12,60.494,61.1451,0.6511,1.076,NIST,B,100-70-9,,n/a,,,n/a,,⚪ B,https://cccbdb.nist.gov/exp2x.asp?casno=100709&charge=0
"1,2-dichlorobenzene",C1=CC=C(C(=C1)Cl)Cl,Organique,12,55.806,56.2713,0.4653,0.834,NIST,B,95-50-1,,ok_<1%,-0.05,298K,ok_consensus,-0.05,🟢🟢 0.1%,https://cccbdb.nist.gov/exp2x.asp?casno=95501&charge=0
EtOMe,CCOC,Organique,12,45.18,44.8145,0.3655,0.809,NIST,B,540-67-0,,ok_<1%,0.01,298K,ok_consensus,0.01,🟢🟢 0.0%,https://cccbdb.nist.gov/exp2x.asp?casno=540670&charge=0
"3,3-dimethylhexane",CCC(C)(C)CCC,Organique,26,102.372,103.2031,0.8311,0.812,NIST,B,563-16-6,,n/a,,,n/a,,⚪ B,https://cccbdb.nist.gov/exp2x.asp?casno=563166&charge=0
thiazole,C1=CSC=N1,Organique,8,35.511,35.1318,0.3792,1.068,NIST,B,288-47-1,,n/a,,,ok_one_source,-0.7,🟢 0.7%,https://cccbdb.nist.gov/exp2x.asp?casno=288471&charge=0
acetaldehyde_dimethyl_acetal,CC(OC)OC,Organique,16,61.51,61.0074,0.5026,0.817,NIST,B,534-15-6,,ok_<1%,-0.0,298K,ok_one_source,-0.0,🟢 0.0%,https://cccbdb.nist.gov/exp2x.asp?casno=534156&charge=0
bromobenzene,Brc1ccccc1,Organique,12,55.931,55.4739,0.4571,0.817,NIST,B,108-86-1,0.0135,ok_<1%,0.0,298K,ok_consensus,0.0,🟢🟢 0.0%,https://cccbdb.nist.gov/exp2x.asp?casno=108861&charge=0
iodoethane,CCI,Organique,8,27.343,27.567,0.224,0.819,NIST,B,75-03-6,,n/a,,,ok_one_source,-0.04,🟢 0.0%,https://cccbdb.nist.gov/exp2x.asp?casno=75036&charge=0
"1,3-butanediol",CC(O)CCO,Organique,16,61.959,61.4472,0.5118,0.826,NIST,B,107-88-0,,ok_<1%,-0.0,298K,ok_one_source,-0.0,🟢 0.0%,https://cccbdb.nist.gov/exp2x.asp?casno=107880&charge=0
vinyl_acetate,CC(=O)OC=C,Organique,12,52.052,51.6211,0.4309,0.828,NIST,B,108-05-4,,n/a,,,n/a,,⚪ B,https://cccbdb.nist.gov/exp2x.asp?casno=108054&charge=0
"2,6-dimethylpyridine",Cc1cccc(C)n1,Organique,17,76.623,77.8981,1.2781,1.668,NIST,B,108-48-5,,n/a,,,n/a,,⚪ B,https://cccbdb.nist.gov/exp2x.asp?casno=108485&charge=0
CBr4,BrC(Br)(Br)Br,Organique,5,10.88,10.8181,0.0619,0.569,NIST,B,558-13-4,0.011400735865678604,ok_<1%,-0.53,298K,one_source_fail,-0.53,🟡 0.5%,https://cccbdb.nist.gov/exp2x.asp?casno=558134&charge=0
"2,4-dimethylhexane",CC(C)CCC(C)C,Organique,26,102.295,103.1469,0.8519,0.833,NIST,B,592-13-2,,n/a,,,n/a,,⚪ B,https://cccbdb.nist.gov/exp2x.asp?casno=592132&charge=0
TiCl4,[Ti](Cl)(Cl)(Cl)Cl,d-block,5,17.84,18.0887,0.2487,1.394,JANAF,B,7550-45-0,,ok_<1%,0.01,298K,ok_one_source,0.01,🟢 0.0%,https://cccbdb.nist.gov/exp2x.asp?casno=7550450&charge=0
"1,4-butanediol",OCCCCO,Organique,16,61.893,61.3747,0.5183,0.837,NIST,B,110-63-4,,ok_<1%,0.0,298K,ok_consensus,0.0,🟢🟢 0.0%,https://cccbdb.nist.gov/exp2x.asp?casno=110634&charge=0
nonane,CCCCCCCCC,Organique,29,114.4,115.3628,0.9628,0.842,NIST,B,111-84-2,,ok_<1%,0.0,298K,ok_consensus,0.0,🟢🟢 0.0%,https://cccbdb.nist.gov/exp2x.asp?casno=111842&charge=0
ZnF2,F[Zn]F,d-block,3,8.53,4.821,3.709,43.482,JANAF,B,573640-07-0,,n/a,,,n/a,,⚪ B,https://cccbdb.nist.gov/exp2x.asp?casno=573640070&charge=0
cis-2-pentene,CCC=CC,Organique,15,60.012,60.5191,0.5071,0.845,NIST,B,109-68-2,,n/a,,,n/a,,⚪ B,https://cccbdb.nist.gov/exp2x.asp?casno=109682&charge=0
"2,3-dimethyl-2-butene",CC(=C(C)C)C,Organique,18,72.386,73.003,0.617,0.852,NIST,B,563-79-1,,ok_<1%,0.03,298K,ok_one_source,0.03,🟢 0.0%,https://cccbdb.nist.gov/exp2x.asp?casno=563791&charge=0
2butyne,CC#CC,Organique,10,41.44,41.7938,0.3538,0.854,NIST,B,503-17-3,,ok_<1%,-0.41,0K,ok_consensus,-0.41,🟢🟢 0.4%,https://cccbdb.nist.gov/exp2x.asp?casno=503173&charge=0
AlO,[Al]=O,Inorganique,2,5.27,5.3072,0.0372,0.706,HH,B,14457-64-8,,ok_<1%,-0.26,0K,ok_consensus,-0.26,🟢🟢 0.3%,https://cccbdb.nist.gov/exp2x.asp?casno=14457648&charge=0
propene,CC=C,Organique,9,35.63,35.9372,0.3072,0.862,NIST,B,115-07-1,0.0019,ok_<1%,0.02,298K,ok_consensus,-0.01,🟢🟢 0.0%,https://cccbdb.nist.gov/exp2x.asp?casno=115071&charge=0
methyl_methacrylate,COC(=O)C(=C)C,Organique,15,64.028,63.4728,0.5552,0.867,NIST,B,80-62-6,,n/a,,,ok_one_source,-0.26,🟢 0.3%,https://cccbdb.nist.gov/exp2x.asp?casno=80626&charge=0
FeCl2,Cl[Fe]Cl,d-block,3,8.29,11.0307,2.7407,33.06,JANAF,B,7758-94-3,,n/a,,,n/a,,⚪ B,https://cccbdb.nist.gov/exp2x.asp?casno=7758943&charge=0
isoxazole,c1conc1,Organique,8,35.729,35.5269,0.2021,0.566,NIST,B,288-14-2,,ok_<1%,-0.0,298K,ok_consensus,-0.0,🟢🟢 0.0%,https://cccbdb.nist.gov/exp2x.asp?casno=288142&charge=0
TiF2,F[Ti]F,d-block,3,13.678,21.0096,7.3316,53.601,JANAF,B,13814-20-5,,n/a,,,n/a,,⚪ B,https://cccbdb.nist.gov/exp2x.asp?casno=13814205&charge=0
AlCl2,Cl[Al]Cl,Inorganique,3,8.837,8.9142,0.0772,0.874,JANAF,B,,,n/a,,,n/a,,⚪ B,https://webbook.nist.gov/cgi/cbook.cgi?Name=AlCl2&Mask=1&Units=SI
biphenyl,c1ccc(-c2ccccc2)cc1,Organique,22,109.843,108.8785,0.9645,0.878,NIST,B,92-52-4,,ok_<1%,-0.0,298K,ok_one_source,-0.0,🟢 0.0%,https://cccbdb.nist.gov/exp2x.asp?casno=92524&charge=0
decane,CCCCCCCCCC,Organique,32,126.62,127.7335,1.1135,0.879,NIST,B,124-18-5,,ok_<1%,-0.04,298K,ok_consensus,-0.04,🟢🟢 0.0%,https://cccbdb.nist.gov/exp2x.asp?casno=124185&charge=0
methyl_vinyl_ketone,C=CC(=O)C,Organique,11,46.887,47.3001,0.4131,0.881,NIST,B,78-94-4,,n/a,,,ok_one_source,0.2,🟢 0.2%,https://cccbdb.nist.gov/exp2x.asp?casno=78944&charge=0
TiH,[Ti][H],d-block,2,2.08,2.0373,0.0427,2.055,3dMLBE20,C,,,n/a,,,n/a,,⚪ C,https://webbook.nist.gov/cgi/cbook.cgi?Name=TiH&Mask=400&Units=SI
acetophenone,CC(=O)c1ccccc1,Organique,17,80.98,80.2642,0.7158,0.884,NIST,B,98-86-2,,n/a,,,ok_one_source,-0.0,🟢 0.0%,https://cccbdb.nist.gov/exp2x.asp?casno=98862&charge=0
1-iodopropane,CCCI,Organique,11,39.517,39.8669,0.3499,0.885,NIST,B,107-08-4,,n/a,,,n/a,,⚪ B,https://cccbdb.nist.gov/exp2x.asp?casno=107084&charge=0
ethyl_acrylate,CCOC(=O)C=C,Organique,15,64.049,63.4763,0.5727,0.894,NIST,B,140-88-5,,n/a,,,n/a,,⚪ B,https://cccbdb.nist.gov/exp2x.asp?casno=140885&charge=0
pyrazole,C1=CNN=C1,Organique,9,40.027,40.1749,0.1479,0.369,NIST,B,288-13-1,,warn_1-2%,-1.92,298K,ok_consensus,-1.92,🟢🟢 1.9%,https://cccbdb.nist.gov/exp2x.asp?casno=288131&charge=0
CH3I,CI,Organique,5,15.1,14.9637,0.1363,0.903,NIST,B,74-88-4,0.0018655749598383167,ok_<1%,0.35,298K,ok_consensus,0.35,🟢🟢 0.3%,https://cccbdb.nist.gov/exp2x.asp?casno=74884&charge=0
ethylene_oxide,C1CO1,Organique,7,26.95,27.1922,0.2422,0.899,NIST,B,75-21-8,,ok_<1%,0.27,298K,ok_consensus,0.27,🟢🟢 0.3%,https://cccbdb.nist.gov/exp2x.asp?casno=75218&charge=0
MgO,[Mg]=O,Inorganique,2,3.53,3.5079,0.0221,0.627,HH,B,1309-48-4,,fail_>2%,-28.1,298K,conflict,6.88,🔴 6.9%,https://cccbdb.nist.gov/exp2x.asp?casno=1309484&charge=0
"1,1,2-trichloroethane",ClCC(Cl)Cl,Organique,8,26.877,27.146,0.269,1.001,NIST,B,79-00-5,,ok_<1%,0.23,298K,ok_one_source,0.23,🟢 0.2%,https://cccbdb.nist.gov/exp2x.asp?casno=79005&charge=0
CH2Br2,BrCBr,Organique,5,14.09,13.9927,0.0973,0.691,NIST,B,74-95-3,0.011400735865678604,ok_<1%,0.51,298K,ok_consensus,0.51,🟢🟢 0.5%,https://cccbdb.nist.gov/exp2x.asp?casno=74953&charge=0
aniline,Nc1ccccc1,Organique,14,63.91,64.2127,0.3027,0.474,NIST,B,62-53-3,,ok_<1%,0.73,298K,ok_consensus,0.73,🟢🟢 0.7%,https://cccbdb.nist.gov/exp2x.asp?casno=62533&charge=0
2-methyl-1-butene,CCC(=C)C,Organique,15,60.098,60.6482,0.5502,0.916,NIST,B,563-46-2,,ok_<1%,-0.01,298K,ok_consensus,-0.01,🟢🟢 0.0%,https://cccbdb.nist.gov/exp2x.asp?casno=563462&charge=0
crotonic_acid,CC=CC(=O)O,Organique,12,51.967,51.4886,0.4784,0.921,NIST,B,503-64-0,,n/a,,,n/a,,⚪ B,https://cccbdb.nist.gov/exp2x.asp?casno=503640&charge=0
CH2Cl2,ClCCl,Organique,5,15.45,15.3325,0.1175,0.76,NIST,B,75-09-2,0.003420220759703581,ok_<1%,-0.03,298K,ok_consensus,-0.03,🟢🟢 0.0%,https://cccbdb.nist.gov/exp2x.asp?casno=75092&charge=0
DMF,CN(C)C=O,Organique,12,47.84,47.2316,0.6084,1.272,NIST,B,68-12-2,,ok_<1%,-0.57,298K,ok_one_source,-0.57,🟢 0.6%,https://cccbdb.nist.gov/exp2x.asp?casno=68122&charge=0
KF,[K]F,Inorganique,2,5.144,5.1943,0.0503,0.977,ATcT,A,7789-23-3,,ok_<1%,-0.24,298K,ok_one_source,-0.24,🟢 0.2%,https://cccbdb.nist.gov/exp2x.asp?casno=7789233&charge=0
acetone,CC(C)=O,Organique,10,40.57,40.1934,0.4796,1.179,NIST,B,67-64-1,,ok_<1%,0.25,298K,ok_consensus,0.25,🟢🟢 0.3%,https://cccbdb.nist.gov/exp2x.asp?casno=67641&charge=0
Na2,[Na][Na],Inorganique,2,0.735,0.7419,0.0069,0.934,HH,B,25681-79-2,,ok_<1%,-0.71,0K,ok_one_source,-0.71,🟢 0.7%,https://cccbdb.nist.gov/exp2x.asp?casno=25681792&charge=0
MgF2,F[Mg]F,Inorganique,3,10.85,11.0454,0.1954,1.801,JANAF,B,7783-40-6,,ok_<1%,-0.53,298K,ok_consensus,-0.53,🟢🟢 0.5%,https://cccbdb.nist.gov/exp2x.asp?casno=7783406&charge=0
chlorobenzene,Clc1ccccc1,Organique,12,56.583,56.0554,0.5276,0.932,NIST,B,108-90-7,0.0063,ok_<1%,-0.04,298K,ok_consensus,-0.04,🟢🟢 0.0%,https://cccbdb.nist.gov/exp2x.asp?casno=108907&charge=0
formamide,C(=O)N,Organique,6,23.615,23.1372,0.4778,2.023,NIST,B,75-12-7,,ok_<1%,0.0,298K,ok_consensus,0.0,🟢🟢 0.0%,https://cccbdb.nist.gov/exp2x.asp?casno=75127&charge=0
Dichlorofluorobromomethane,C(F)(Cl)(Cl)Br,Organique,5,14.1793,14.0693,0.11,0.776,ATcT_0K,A,353-58-2,0.0508,n/a,,,ok_one_source,1.64,🟢 1.6%,https://cccbdb.nist.gov/exp2x.asp?casno=353582&charge=0
BCl,[B]Cl,Inorganique,2,5.17,5.2901,0.1201,2.322,HH,B,20583-55-5,,fail_>2%,2.26,0K,one_source_fail,0.86,🟡 0.9%,https://cccbdb.nist.gov/exp2x.asp?casno=20583555&charge=0
CS,[C]#[S],Organique,2,7.36,7.586,0.226,3.071,HH,B,,,n/a,,,n/a,,⚪ B,https://webbook.nist.gov/cgi/cbook.cgi?Name=CS&Mask=400&Units=SI
diethyl_disulfide,CCSSCC,Organique,16,58.827,59.3912,0.5642,0.959,NIST,B,110-81-6,,n/a,,,n/a,,⚪ B,https://cccbdb.nist.gov/exp2x.asp?casno=110816&charge=0
HBr,[H]Br,Inorganique,2,3.76,3.7261,0.0339,0.903,ATcT,A,10035-10-6,,ok_<1%,-0.11,0K,ok_consensus,-0.11,🟢🟢 0.1%,https://cccbdb.nist.gov/exp2x.asp?casno=10035106&charge=0
gamma-butyrolactone,O=C1CCCO1,Organique,12,52.216,51.6823,0.5337,1.022,NIST,B,96-48-0,,ok_<1%,0.03,298K,ok_one_source,0.03,🟢 0.0%,https://cccbdb.nist.gov/exp2x.asp?casno=96480&charge=0
methyl_benzoate,COC(=O)C1=CC=CC=C1,Organique,18,85.647,84.819,0.828,0.967,NIST,B,93-58-3,,n/a,,,ok_one_source,-0.17,🟢 0.2%,https://cccbdb.nist.gov/exp2x.asp?casno=93583&charge=0
formamid,NC=O,Organique,6,23.62,23.1372,0.4828,2.044,NIST,B,75-12-7,,ok_<1%,-0.02,298K,ok_consensus,-0.02,🟢🟢 0.0%,https://cccbdb.nist.gov/exp2x.asp?casno=75127&charge=0
acrylN,C=CC#N,Organique,7,32.04,32.2445,0.2045,0.638,NIST,B,107-13-1,,ok_<1%,0.15,298K,ok_consensus,0.05,🟢🟢 0.1%,https://cccbdb.nist.gov/exp2x.asp?casno=107131&charge=0
N-ethylaniline,CCNC1=CC=CC=C1,Organique,20,88.605,89.2492,0.6442,0.727,NIST,B,103-69-5,,n/a,,,n/a,,⚪ B,https://cccbdb.nist.gov/exp2x.asp?casno=103695&charge=0
1butene,C=CCC,Organique,12,47.79,48.259,0.469,0.981,NIST,B,106-98-9,,ok_<1%,0.0,298K,ok_consensus,0.0,🟢🟢 0.0%,https://cccbdb.nist.gov/exp2x.asp?casno=106989&charge=0
SiCl4,Cl[Si](Cl)(Cl)Cl,Inorganique,5,16.5,16.6989,0.1989,1.205,NIST-derived,B,10026-04-7,,ok_<1%,0.34,298K,ok_consensus,0.34,🟢🟢 0.3%,https://cccbdb.nist.gov/exp2x.asp?casno=10026047&charge=0
OH,[O][H],Inorganique,2,4.392,4.3487,0.0433,0.986,ATcT,A,,,n/a,,,n/a,,⚪ A,https://webbook.nist.gov/cgi/cbook.cgi?Name=OH&Mask=400&Units=SI
undecane,CCCCCCCCCCC,Organique,35,138.734,140.106,1.372,0.989,NIST,B,1120-21-4,,n/a,,,ok_one_source,-0.0,🟢 0.0%,https://cccbdb.nist.gov/exp2x.asp?casno=1120214&charge=0
2-ethylpyridine,CCc1ccccn1,Organique,17,76.448,77.4737,1.0257,1.342,NIST,B,100-71-0,,n/a,,,n/a,,⚪ B,https://cccbdb.nist.gov/exp2x.asp?casno=100710&charge=0
Hydrogen_bromide,Br,Inorganique,2,3.6871,3.7261,0.039,1.057,ATcT_0K,A,10035-10-6,,warn_1-2%,1.87,0K,one_source_fail,1.87,🟡 1.9%,https://cccbdb.nist.gov/exp2x.asp?casno=10035106&charge=0
cyclohexylamine,NC1CCCCC1,Organique,20,79.917,80.4434,0.5264,0.659,NIST,B,108-91-8,,n/a,,,n/a,,⚪ B,https://cccbdb.nist.gov/exp2x.asp?casno=108918&charge=0
butyl_acetate,CCCCOC(=O)C,Organique,20,81.875,81.0509,0.8241,1.007,NIST,B,123-86-4,,n/a,,,n/a,,⚪ B,https://cccbdb.nist.gov/exp2x.asp?casno=123864&charge=0
"2-methyl-1,3-propanediol",OCC(C)CO,Organique,16,62.043,61.4158,0.6272,1.011,NIST,B,2163-42-0,,n/a,,,n/a,,⚪ B,https://cccbdb.nist.gov/exp2x.asp?casno=2163420&charge=0
1-PrOH,CCCO,Organique,12,45.59,45.1288,0.4612,1.012,NIST,B,71-23-8,,ok_<1%,-0.01,298K,ok_consensus,-0.01,🟢🟢 0.0%,https://cccbdb.nist.gov/exp2x.asp?casno=71238&charge=0
Mn2O3_frag,O=[Mn]O[Mn]=O,d-block,5,18.956,17.9315,1.0245,5.405,Gurvich,B,1317-34-6,,n/a,,,n/a,,⚪ B,https://cccbdb.nist.gov/exp2x.asp?casno=1317346&charge=0
HOBr,BrO,Inorganique,3,6.582,6.6806,0.0986,1.499,ATcT,A,13517-11-8,,warn_1-2%,-1.03,0K,ok_consensus,0.36,🟢🟢 0.4%,https://cccbdb.nist.gov/exp2x.asp?casno=13517118&charge=0
acenaphthene,C1CC2=CC=CC3=C2C1=CC=C3,Organique,22,110.112,111.2315,1.1195,1.017,NIST,B,83-32-9,,n/a,,,n/a,,⚪ B,https://cccbdb.nist.gov/exp2x.asp?casno=83329&charge=0
gamma-butyrolactone,C1CC(=O)OC1,Organique,12,52.216,51.6823,0.5337,1.022,NIST,B,96-48-0,,ok_<1%,0.03,298K,ok_one_source,0.03,🟢 0.0%,https://cccbdb.nist.gov/exp2x.asp?casno=96480&charge=0
SiH4,[SiH4],Inorganique,5,12.94,13.0789,0.1389,1.073,ATcT,A,7803-62-5,,warn_1-2%,1.42,0K,one_source_fail,1.42,🟡 1.4%,https://cccbdb.nist.gov/exp2x.asp?casno=7803625&charge=0
2-methylpyridine,Cc1ccccn1,Organique,14,64.254,65.5636,1.3096,2.038,NIST,B,109-06-8,,fail_>2%,2.03,298K,single_fail,2.03,🟠 2.0%,https://cccbdb.nist.gov/exp2x.asp?casno=109068&charge=0
caprolactam,C1CCC(=O)NCC1,Organique,19,79.182,79.7715,0.5895,0.744,NIST,B,105-60-2,,n/a,,,n/a,,⚪ B,https://cccbdb.nist.gov/exp2x.asp?casno=105602&charge=0
Fluorochlorobromomethane,C(F)(Cl)Br,Organique,5,15.0749,15.2447,0.1698,1.126,ATcT_0K,A,593-98-6,0.0508,n/a,,,ok_one_source,1.56,🟢 1.6%,https://cccbdb.nist.gov/exp2x.asp?casno=593986&charge=0
Cyclopropanone,C1CC1=O,Organique,8,33.3172,33.6605,0.3433,1.03,ATcT_0K,A,5009-27-8,0.0099,ok_<1%,0.8,0K,ok_one_source,0.8,🟢 0.8%,https://cccbdb.nist.gov/exp2x.asp?casno=5009278&charge=0
pyruvic_acid,CC(=O)C(=O)O,Organique,10,43.049,43.4943,0.4453,1.034,NIST,B,127-17-3,,n/a,,,n/a,,⚪ B,https://cccbdb.nist.gov/exp2x.asp?casno=127173&charge=0
NMA2,CC(=O)NC,Organique,12,48.15,47.4313,0.7187,1.493,NIST,B,79-16-3,,n/a,,,n/a,,⚪ B,https://cccbdb.nist.gov/exp2x.asp?casno=79163&charge=0
trimethylacetic_acid,CC(C)(C)C(=O)O,Organique,17,69.99,69.2588,0.7312,1.045,NIST,B,75-98-9,,n/a,,,ok_one_source,0.23,🟢 0.2%,https://cccbdb.nist.gov/exp2x.asp?casno=75989&charge=0
thiophenol,C1=CC=C(C=C1)S,Organique,13,59.843,60.4685,0.6255,1.045,NIST,B,108-98-5,,ok_<1%,-0.02,298K,ok_consensus,-0.02,🟢🟢 0.0%,https://cccbdb.nist.gov/exp2x.asp?casno=108985&charge=0
4-methylpyridine,Cc1ccncc1,Organique,14,64.203,65.5356,1.3326,2.076,NIST,B,108-89-4,,n/a,,,n/a,,⚪ B,https://cccbdb.nist.gov/exp2x.asp?casno=108894&charge=0
dodecane,CCCCCCCCCCCC,Organique,38,150.894,152.4794,1.5854,1.051,NIST,B,112-40-3,,n/a,,,ok_one_source,-0.0,🟢 0.0%,https://cccbdb.nist.gov/exp2x.asp?casno=112403&charge=0
SCl,[S]Cl,Inorganique,2,2.68,2.6915,0.0115,0.43,HH,B,,,n/a,,,n/a,,⚪ B,https://webbook.nist.gov/cgi/cbook.cgi?Name=SCl&Mask=400&Units=SI
HCFC_141b,CC(F)(Cl)Cl,Organique,8,28.484,28.2017,0.2823,0.991,NIST,B,1717-00-6,,n/a,,,n/a,,⚪ B,https://cccbdb.nist.gov/exp2x.asp?casno=1717006&charge=0
Trimethylsilyl,C[Si](C)C,Organique,13,46.4011,46.8975,0.4964,1.07,ATcT_0K,A,16571-41-8,0.0207,n/a,,,ok_one_source,-1.15,🟢 1.1%,https://cccbdb.nist.gov/exp2x.asp?casno=16571418&charge=0
tetrahydrofurfuryl_alcohol,OCC1CCCO1,Organique,17,69.414,68.6682,0.7458,1.074,NIST,B,97-99-4,,n/a,,,n/a,,⚪ B,https://cccbdb.nist.gov/exp2x.asp?casno=97994&charge=0
dimethoxymethane,COCOC,Organique,13,49.136,48.607,0.529,1.077,NIST,B,109-87-5,,ok_<1%,-0.01,298K,ok_consensus,-0.01,🟢🟢 0.0%,https://cccbdb.nist.gov/exp2x.asp?casno=109875&charge=0
CrF2,F[Cr]F,d-block,3,11.36,15.2794,3.9194,34.502,JANAF,B,10049-10-2,,n/a,,,n/a,,⚪ B,https://cccbdb.nist.gov/exp2x.asp?casno=10049102&charge=0
methylcycloheptane,CC1CCCCCC1,Organique,24,97.178,98.2293,1.0513,1.082,NIST,B,4126-78-7,,n/a,,,n/a,,⚪ B,https://cccbdb.nist.gov/exp2x.asp?casno=4126787&charge=0
3-methyl-1-butene,CC(C)C=C,Organique,15,60.019,60.6698,0.6508,1.084,NIST,B,563-45-1,,n/a,,,ok_one_source,0.01,🟢 0.0%,https://cccbdb.nist.gov/exp2x.asp?casno=563451&charge=0
3-methylpyridine,Cc1cccnc1,Organique,14,64.18,65.5354,1.3564,2.113,NIST,B,108-99-6,,n/a,,,n/a,,⚪ B,https://cccbdb.nist.gov/exp2x.asp?casno=108996&charge=0
Dichlorodibromomethane,C(Cl)(Cl)(Br)Br,Organique,5,11.8866,12.0402,0.1536,1.292,ATcT_0K,A,594-18-3,0.0135,n/a,,,single_fail,2.86,🟠 2.9%,https://cccbdb.nist.gov/exp2x.asp?casno=594183&charge=0
VH,[V][H],d-block,2,2.13,2.1284,0.0016,0.075,3dMLBE20,C,,,n/a,,,n/a,,⚪ C,https://webbook.nist.gov/cgi/cbook.cgi?Name=VH&Mask=400&Units=SI
acrylamide,C=CC(=O)N,Organique,10,42.382,42.5682,0.1862,0.439,NIST,B,79-06-1,,ok_<1%,0.07,298K,ok_one_source,0.07,🟢 0.1%,https://cccbdb.nist.gov/exp2x.asp?casno=79061&charge=0
VO,[V]=O,d-block,2,6.545,6.528,0.017,0.26,JANAF,B,12035-98-2,,ok_<1%,0.68,298K,ok_one_source,0.68,🟢 0.7%,https://cccbdb.nist.gov/exp2x.asp?casno=12035982&charge=0
1penten,C=CCCC,Organique,15,59.95,60.615,0.665,1.109,NIST,B,109-67-1,,ok_<1%,0.02,298K,ok_consensus,0.01,🟢🟢 0.0%,https://cccbdb.nist.gov/exp2x.asp?casno=109671&charge=0
p-chlorotoluene,Cc1ccc(Cl)cc1,Organique,15,69.143,68.3831,0.7599,1.099,NIST,B,106-43-4,,n/a,,,n/a,,⚪ B,https://cccbdb.nist.gov/exp2x.asp?casno=106434&charge=0
1-pentene,CCCC=C,Organique,15,59.954,60.6206,0.6666,1.112,NIST,B,109-67-1,,ok_<1%,0.02,298K,ok_consensus,-0.0,🟢🟢 0.0%,https://cccbdb.nist.gov/exp2x.asp?casno=109671&charge=0
ScH,[Sc][H],d-block,2,2.06,2.0583,0.0017,0.082,3dMLBE20,C,,,n/a,,,n/a,,⚪ C,https://webbook.nist.gov/cgi/cbook.cgi?Name=ScH&Mask=400&Units=SI
methylcyclopentane,CC1CCCC1,Organique,18,72.781,73.5966,0.8156,1.121,NIST,B,96-37-7,,ok_<1%,0.01,298K,ok_consensus,0.01,🟢🟢 0.0%,https://cccbdb.nist.gov/exp2x.asp?casno=96377&charge=0
EtF,CCF,Organique,8,29.7,30.0357,0.3357,1.13,NIST,B,353-36-6,,n/a,,,ok_one_source,-0.05,🟢 0.0%,https://cccbdb.nist.gov/exp2x.asp?casno=353366&charge=0
IBr,Br[I],Inorganique,2,1.817,1.7965,0.0465,2.522,HH,B,7789-33-5,,warn_1-2%,1.44,298K,ok_consensus,1.44,🟢🟢 1.4%,https://cccbdb.nist.gov/exp2x.asp?casno=7789335&charge=0
cycloheptane,C1CCCCCC1,Organique,21,84.851,85.8155,0.9645,1.137,NIST,B,291-64-5,0.0054,n/a,,,ok_one_source,-0.03,🟢 0.0%,https://cccbdb.nist.gov/exp2x.asp?casno=291645&charge=0
cC4H8,C1CCC1,Organique,12,47.49,46.9487,0.5413,1.14,NIST,B,287-23-0,,ok_<1%,0.01,298K,ok_consensus,0.01,🟢🟢 0.0%,https://cccbdb.nist.gov/exp2x.asp?casno=287230&charge=0
"N,N-dimethylaniline",CN(C)C1=CC=CC=C1,Organique,20,88.134,88.9661,0.8321,0.944,NIST,B,121-69-7,,n/a,,,n/a,,⚪ B,https://cccbdb.nist.gov/exp2x.asp?casno=121697&charge=0
ethyl_vinyl_ether,CCOC=C,Organique,13,51.822,52.4146,0.5926,1.143,NIST,B,109-92-2,,ok_<1%,-0.0,298K,ok_one_source,-0.0,🟢 0.0%,https://cccbdb.nist.gov/exp2x.asp?casno=109922&charge=0
benzoic_acid,C1=CC=C(C=C1)C(=O)O,Organique,15,73.764,72.1758,1.5882,2.153,NIST,B,65-85-0,,n/a,,,ok_one_source,0.07,🟢 0.1%,https://cccbdb.nist.gov/exp2x.asp?casno=65850&charge=0
quinazoline,c1ccc2ncncc2c1,Organique,16,80.258,80.808,0.55,0.685,NIST,B,253-82-7,,n/a,,,n/a,,⚪ B,https://cccbdb.nist.gov/exp2x.asp?casno=253827&charge=0
2_Cyclopropen_1_imine,C1=CC1=N,Organique,7,29.5484,29.0927,0.4557,1.542,ATcT_0K,A,31589-17-0,,n/a,,,n/a,,⚪ A,https://cccbdb.nist.gov/exp2x.asp?casno=31589170&charge=0
POBr3,BrP(Br)(Br)=O,Inorganique,5,13.083,13.0348,0.0482,0.369,Gurvich,B,7789-59-5,,n/a,,,n/a,,⚪ B,https://cccbdb.nist.gov/exp2x.asp?casno=7789595&charge=0
quinoxaline,c1ccc2nccnc2c1,Organique,16,80.287,81.0289,0.7419,0.924,NIST,B,91-19-0,,n/a,,,n/a,,⚪ B,https://cccbdb.nist.gov/exp2x.asp?casno=91190&charge=0
Bromodichloromethane,C(Cl)(Cl)Br,Organique,5,13.614,13.7968,0.1828,1.343,ATcT_0K,A,75-27-4,0.0124,ok_<1%,0.69,0K,one_source_fail,0.69,🟡 0.7%,https://cccbdb.nist.gov/exp2x.asp?casno=75274&charge=0
Nitric_acid,[N+](=O)(O)[O-],Inorganique,5,16.0815,16.1788,0.0973,0.605,ATcT_0K,A,7697-37-2,,ok_<1%,-0.02,0K,one_source_fail,-0.02,🟡 0.0%,https://cccbdb.nist.gov/exp2x.asp?casno=7697372&charge=0
Benzene,C1=CC=CC=C1,Organique,12,56.6295,57.2968,0.6673,1.178,ATcT_0K,A,71-43-2,0.0022,ok_<1%,-0.02,0K,ok_one_source,-0.02,🟢 0.0%,https://cccbdb.nist.gov/exp2x.asp?casno=71432&charge=0
acetone,CC(=O)C,Organique,10,40.673,40.1934,0.4796,1.179,NIST,B,67-64-1,,ok_<1%,-0.0,298K,ok_consensus,0.0,🟢🟢 0.0%,https://cccbdb.nist.gov/exp2x.asp?casno=67641&charge=0
BrF3,F[Br](F)F,Inorganique,,6.277,6.3513,0.0743,1.184,JANAF,B,7787-71-5,,n/a,,,n/a,,⚪ B,https://cccbdb.nist.gov/exp2x.asp?casno=7787715&charge=0
PF,[P]F,Inorganique,2,4.47,4.4924,0.0224,0.502,HH,B,,,n/a,,,n/a,,⚪ B,https://webbook.nist.gov/cgi/cbook.cgi?Name=PF&Mask=400&Units=SI
indene,C1C=CC2=CC=CC=C21,Organique,17,83.261,84.2489,0.9879,1.186,NIST,B,95-13-6,,ok_<1%,-0.01,298K,ok_consensus,-0.01,🟢🟢 0.0%,https://cccbdb.nist.gov/exp2x.asp?casno=95136&charge=0
CH2NH,C=N,Organique,5,18.11,17.7902,0.3198,1.766,ATcT,A,27770-42-9,0.010364305332435094,n/a,,,single_fail,-12.59,🟠 12.6%,https://cccbdb.nist.gov/exp2x.asp?casno=27770429&charge=0
NaCl,[Na]Cl,Inorganique,2,4.23,4.0611,0.1689,3.994,ATcT,A,7647-14-5,,n/a,,,ok_one_source,0.54,🟢 0.5%,https://cccbdb.nist.gov/exp2x.asp?casno=7647145&charge=0
dicyanog,N#CC#N,Organique,4,21.45,21.5046,0.0546,0.255,NIST,B,460-19-5,,ok_<1%,0.0,298K,ok_one_source,0.0,🟢 0.0%,https://cccbdb.nist.gov/exp2x.asp?casno=460195&charge=0
DME,COC,Organique,9,32.9,32.5031,0.3969,1.206,NIST,B,115-10-6,,ok_<1%,0.01,298K,ok_consensus,0.01,🟢🟢 0.0%,https://cccbdb.nist.gov/exp2x.asp?casno=115106&charge=0
1-hexene,CCCCC=C,Organique,18,72.112,72.9846,0.8726,1.21,NIST,B,592-41-6,,ok_<1%,0.01,298K,ok_consensus,0.01,🟢🟢 0.0%,https://cccbdb.nist.gov/exp2x.asp?casno=592416&charge=0
HCN,C#N,Organique,3,13.39,13.5523,0.1623,1.212,ATcT,A,74-90-8,,warn_1-2%,-1.28,298K,ok_consensus,-1.28,🟢🟢 1.3%,https://cccbdb.nist.gov/exp2x.asp?casno=74908&charge=0
2-PrOH,CC(O)C,Organique,12,45.77,45.2143,0.5557,1.214,NIST,B,67-63-0,,ok_<1%,-0.01,298K,ok_consensus,-0.01,🟢🟢 0.0%,https://cccbdb.nist.gov/exp2x.asp?casno=67630&charge=0
K2,[K][K],Inorganique,2,0.514,0.5202,0.0062,1.215,HH,B,,,n/a,,,n/a,,⚪ B,https://webbook.nist.gov/cgi/cbook.cgi?Name=K2&Mask=400&Units=SI
1-methylcyclohexene,CC1=CCCCC1,Organique,19,79.471,80.4365,0.9655,1.215,NIST,B,591-49-1,,n/a,,,n/a,,⚪ B,https://cccbdb.nist.gov/exp2x.asp?casno=591491&charge=0
HCl,[H]Cl,Inorganique,2,4.43,4.3764,0.0536,1.211,ATcT,A,7647-01-0,,ok_<1%,0.08,0K,ok_consensus,0.08,🟢🟢 0.1%,https://cccbdb.nist.gov/exp2x.asp?casno=7647010&charge=0
NCl,[N]Cl,Inorganique,2,2.75,2.8254,0.0754,2.74,Peterson1997,C,,,n/a,,,n/a,,⚪ C,https://webbook.nist.gov/cgi/cbook.cgi?Name=NCl&Mask=400&Units=SI
Nitrosyl_chloride,N(=O)Cl,Inorganique,3,8.1107,8.2481,0.1374,1.694,ATcT_0K,A,2696-92-6,0.0007047727626055864,ok_<1%,-0.01,0K,ok_consensus,-0.01,🟢🟢 0.0%,https://cccbdb.nist.gov/exp2x.asp?casno=2696926&charge=0
cyclopentane,C1CCCC1,Organique,15,60.44,61.1819,0.7419,1.227,NIST,B,287-92-3,0.0042,ok_<1%,0.15,298K,ok_consensus,0.15,🟢🟢 0.2%,https://cccbdb.nist.gov/exp2x.asp?casno=287923&charge=0
malononitrile,C(C#N)C#N,Organique,7,34.671,34.0259,0.6451,1.861,NIST,B,109-77-3,,n/a,,,n/a,,⚪ B,https://cccbdb.nist.gov/exp2x.asp?casno=109773&charge=0
KI,[K]I,Inorganique,2,3.31,3.3309,0.0209,0.631,JANAF,B,7681-11-0,,n/a,,,n/a,,⚪ B,https://cccbdb.nist.gov/exp2x.asp?casno=7681110&charge=0
"N,N-dimethylurea",CN(C)C(=O)N,Organique,14,55.859,54.7162,1.1428,2.046,NIST,B,598-94-7,,warn_1-2%,-1.5,298K,ok_one_source,-1.5,🟢 1.5%,https://cccbdb.nist.gov/exp2x.asp?casno=598947&charge=0
PCl3,ClP(Cl)Cl,Inorganique,4,9.94,9.8166,0.1234,1.242,NIST-derived,B,7719-12-2,,ok_<1%,0.18,0K,ok_consensus,0.18,🟢🟢 0.2%,https://cccbdb.nist.gov/exp2x.asp?casno=7719122&charge=0
salicylic_acid,OC1=CC=CC=C1C(=O)O,Organique,16,78.428,77.4436,0.9844,1.255,NIST,B,69-72-7,,n/a,,,n/a,,⚪ B,https://cccbdb.nist.gov/exp2x.asp?casno=69727&charge=0
cyclohexene,C1CCC=CC1,Organique,16,67.206,68.0491,0.8431,1.254,NIST,B,110-83-8,0.0033,ok_<1%,-0.0,298K,ok_consensus,-0.0,🟢🟢 0.0%,https://cccbdb.nist.gov/exp2x.asp?casno=110838&charge=0
Fluorodichloromethane,C(F)(Cl)Cl,Organique,5,15.771,15.9955,0.2245,1.423,ATcT_0K,A,75-43-4,0.0093,warn_1-2%,1.2,298K,ok_consensus,1.2,🟢🟢 1.2%,https://cccbdb.nist.gov/exp2x.asp?casno=75434&charge=0
phthalazine,c1ccc2cnncc2c1,Organique,16,79.358,80.5041,1.1461,1.444,NIST,B,253-52-1,,n/a,,,n/a,,⚪ B,https://cccbdb.nist.gov/exp2x.asp?casno=253521&charge=0
maleimide,O=C1C=CC(=O)N1,Organique,10,48.938,49.3322,0.3942,0.805,NIST,B,541-59-3,,n/a,,,n/a,,⚪ B,https://cccbdb.nist.gov/exp2x.asp?casno=541593&charge=0
butyrN,CCCC#N,Organique,12,50.08,49.3446,0.7354,1.468,NIST,B,109-74-0,,n/a,,,ok_one_source,0.05,🟢 0.0%,https://cccbdb.nist.gov/exp2x.asp?casno=109740&charge=0
Hydrogen_chloride,Cl,Inorganique,2,4.4322,4.3764,0.0558,1.26,ATcT_0K,A,7647-01-0,,ok_<1%,0.03,0K,ok_consensus,0.03,🟢🟢 0.0%,https://cccbdb.nist.gov/exp2x.asp?casno=7647010&charge=0
valeric_acid,CCCCC(=O)O,Organique,17,69.997,69.1049,0.8921,1.274,NIST,B,109-52-4,,n/a,,,ok_one_source,0.03,🟢 0.0%,https://cccbdb.nist.gov/exp2x.asp?casno=109524&charge=0
guaiacol,COC1=CC=CC=C1O,Organique,17,77.378,78.3638,0.9858,1.274,NIST,B,90-05-1,,n/a,,,ok_one_source,0.57,🟢 0.6%,https://cccbdb.nist.gov/exp2x.asp?casno=90051&charge=0
Pentatetraene,C=C=C=C=C,Organique,9,41.1301,41.6559,0.5258,1.278,ATcT_0K,A,21986-03-8,0.0166,n/a,,,ok_one_source,1.07,🟢 1.1%,https://cccbdb.nist.gov/exp2x.asp?casno=21986038&charge=0
dimethylphosphine,CPC,Organique,10,34.377,33.9368,0.4402,1.281,NIST,B,676-59-5,,n/a,,,ok_one_source,0.42,🟢 0.4%,https://cccbdb.nist.gov/exp2x.asp?casno=676595&charge=0
1-heptene,CCCCCC=C,Organique,21,84.273,85.3535,1.0805,1.282,NIST,B,25339-56-4,,n/a,,,n/a,,⚪ B,https://cccbdb.nist.gov/exp2x.asp?casno=25339564&charge=0
Cyclobutene,C1CC=C1,Organique,10,41.0822,41.6094,0.5272,1.283,ATcT_0K,A,822-35-5,0.0062,ok_<1%,0.08,0K,ok_consensus,0.08,🟢🟢 0.1%,https://cccbdb.nist.gov/exp2x.asp?casno=822355&charge=0
propyl_formate,CCCOC=O,Organique,14,57.177,56.4415,0.7355,1.286,NIST,B,110-74-7,,n/a,,,n/a,,⚪ B,https://cccbdb.nist.gov/exp2x.asp?casno=110747&charge=0
acenaphthylene,C1=CC2=C3C(=C1)C=CC3=CC=C2,Organique,20,104.505,105.8521,1.3471,1.289,NIST,B,208-96-8,,ok_<1%,-0.02,298K,ok_one_source,-0.02,🟢 0.0%,https://cccbdb.nist.gov/exp2x.asp?casno=208968&charge=0
iodobenzene,IC1=CC=CC=C1,Organique,12,55.262,55.9756,1.284,2.348,NIST,B,591-50-4,0.0103,n/a,,,ok_one_source,0.32,🟢 0.3%,https://cccbdb.nist.gov/exp2x.asp?casno=591504&charge=0
thioacetic_acid,CC(=O)S,Organique,8,31.162,30.7561,0.4059,1.303,NIST,B,507-09-5,,n/a,,,n/a,,⚪ B,https://cccbdb.nist.gov/exp2x.asp?casno=507095&charge=0
fluorobenzene,Fc1ccccc1,Organique,12,57.888,57.1334,0.7546,1.304,NIST,B,462-06-6,0.004,ok_<1%,-0.09,298K,ok_consensus,0.0,🟢🟢 0.0%,https://cccbdb.nist.gov/exp2x.asp?casno=462066&charge=0
pyridazine,C1=CC=NN=C1,Organique,10,45.663,48.4188,2.7528,6.028,NIST,B,289-80-5,,ok_<1%,-0.0,298K,ok_one_source,-0.0,🟢 0.0%,https://cccbdb.nist.gov/exp2x.asp?casno=289805&charge=0
2_Fluoroethanol,C(CF)O,Organique,9,33.5057,33.9456,0.4399,1.313,ATcT_0K,A,371-62-0,,n/a,,,ok_one_source,0.83,🟢 0.8%,https://cccbdb.nist.gov/exp2x.asp?casno=371620&charge=0
cyclooctane,C1CCCCCCC1,Organique,24,96.863,98.1324,1.2694,1.31,NIST,B,292-64-8,,ok_<1%,0.02,298K,ok_consensus,-0.0,🟢🟢 0.0%,https://cccbdb.nist.gov/exp2x.asp?casno=292648&charge=0
N_Methylethanamine,CCNC,Organique,13,47.3295,47.7423,0.4128,0.872,ATcT_0K,A,624-78-2,,n/a,,,n/a,,⚪ A,https://cccbdb.nist.gov/exp2x.asp?casno=624782&charge=0
DMDSch,CSCSC,Organique,13,46.73,46.1111,0.6189,1.324,NIST,B,1618-26-4,,n/a,,,n/a,,⚪ B,https://cccbdb.nist.gov/exp2x.asp?casno=1618264&charge=0
Chlorodibromomethane,C(Cl)(Br)Br,Organique,5,12.9481,13.1337,0.1856,1.433,ATcT_0K,A,124-48-1,0.0363,ok_<1%,0.82,0K,one_source_fail,0.82,🟡 0.8%,https://cccbdb.nist.gov/exp2x.asp?casno=124481&charge=0
ClO2_rad,O=[Cl]=O,Inorganique,,5.338,6.8949,1.5569,29.167,JANAF,B,,,n/a,,,n/a,,⚪ B,https://webbook.nist.gov/cgi/cbook.cgi?Name=ClO2_rad&Mask=1&Units=SI
acrolein,O=CC=C,Organique,8,34.582,35.0452,0.4652,1.345,NIST,B,107-02-8,,ok_<1%,-0.54,0K,ok_consensus,0.08,🟢🟢 0.1%,https://cccbdb.nist.gov/exp2x.asp?casno=107028&charge=0
AlBr3,Br[Al](Br)Br,Inorganique,4,11.304,11.6303,0.3263,2.887,JANAF,B,7727-15-3,,warn_1-2%,-1.34,298K,ok_consensus,-1.34,🟢🟢 1.3%,https://cccbdb.nist.gov/exp2x.asp?casno=7727153&charge=0
acrolein,C=CC=O,Organique,8,34.58,35.0452,0.4652,1.345,NIST,B,107-02-8,,ok_<1%,-0.54,0K,ok_consensus,0.08,🟢🟢 0.1%,https://cccbdb.nist.gov/exp2x.asp?casno=107028&charge=0
3-hydroxypyridine,Oc1cccnc1,Organique,12,56.371,57.3994,1.0284,1.824,NIST,B,109-00-2,,ok_<1%,-0.0,298K,ok_one_source,-0.0,🟢 0.0%,https://cccbdb.nist.gov/exp2x.asp?casno=109002&charge=0
p-dichlorobenzene,Clc1ccc(Cl)cc1,Organique,12,56.302,55.5545,0.7475,1.328,NIST,B,106-46-7,,ok_<1%,-0.78,298K,ok_consensus,-0.71,🟢🟢 0.7%,https://cccbdb.nist.gov/exp2x.asp?casno=106467&charge=0
cyclopropene,C1C=C1,Organique,7,28.449,28.0626,0.3864,1.358,NIST,B,2781-85-3,0.0045,ok_<1%,0.0,298K,ok_consensus,-0.0,🟢🟢 0.0%,https://cccbdb.nist.gov/exp2x.asp?casno=2781853&charge=0
methyl_butyrate,CCCC(=O)OC,Organique,17,69.625,68.6719,0.9531,1.369,NIST,B,623-42-7,,n/a,,,ok_one_source,0.03,🟢 0.0%,https://cccbdb.nist.gov/exp2x.asp?casno=623427&charge=0
perfluoropropane,FC(F)(F)C(F)(F)C(F)(F)F,Organique,11,47.345,48.0142,0.6692,1.413,NIST,B,76-19-7,,ok_<1%,0.04,298K,ok_consensus,0.04,🟢🟢 0.0%,https://cccbdb.nist.gov/exp2x.asp?casno=76197&charge=0
azetidine,C1CNC1,Organique,11,42.175,41.3706,0.8044,1.907,NIST,B,503-29-7,,n/a,,,ok_one_source,-0.46,🟢 0.5%,https://cccbdb.nist.gov/exp2x.asp?casno=503297&charge=0
Hydrogen_isocyanide,[C-]#[NH+],Organique,3,12.4988,12.3246,0.1742,1.393,ATcT_0K,A,6914-07-4,,ok_<1%,-0.18,0K,ok_consensus,-0.18,🟢🟢 0.2%,https://cccbdb.nist.gov/exp2x.asp?casno=6914074&charge=0
methyl_acrylate,COC(=O)C=C,Organique,12,51.884,51.1553,0.7287,1.404,NIST,B,96-33-3,,ok_<1%,0.0,298K,ok_consensus,0.0,🟢🟢 0.0%,https://cccbdb.nist.gov/exp2x.asp?casno=96333&charge=0
HI,[H]I,Inorganique,2,3.05,3.0905,0.0405,1.328,ATcT,A,10034-85-2,,ok_<1%,0.08,0K,ok_consensus,0.08,🟢🟢 0.1%,https://cccbdb.nist.gov/exp2x.asp?casno=10034852&charge=0
cyclodecane,C1CCCCCCCCC1,Organique,30,121.063,122.7662,1.7032,1.407,NIST,B,293-96-9,,n/a,,,single_fail,-2.64,🟠 2.6%,https://cccbdb.nist.gov/exp2x.asp?casno=293969&charge=0
"1,3-dioxolane",C1COCO1,Organique,11,44.462,43.8233,0.7057,1.585,NIST,B,646-06-0,,ok_<1%,-0.83,298K,ok_one_source,-0.83,🟢 0.8%,https://cccbdb.nist.gov/exp2x.asp?casno=646060&charge=0
CHF2Cl,FC(F)Cl,Organique,5,17.603,17.3755,0.2275,1.292,NIST,B,75-45-6,0.010260662279110742,ok_<1%,-0.12,298K,ok_consensus,-0.12,🟢🟢 0.1%,https://cccbdb.nist.gov/exp2x.asp?casno=75456&charge=0
Benzyl,[CH2]C1=CC=CC=C1,Organique,14,64.8993,65.817,0.9177,1.414,ATcT_0K,A,2154-56-5,0.0057,ok_<1%,0.03,0K,ok_one_source,0.03,🟢 0.0%,https://cccbdb.nist.gov/exp2x.asp?casno=2154565&charge=0
m-dichlorobenzene,Clc1cccc(Cl)c1,Organique,12,56.334,55.5481,0.7859,1.395,NIST,B,541-73-1,,ok_<1%,-0.92,298K,ok_consensus,-0.77,🟢🟢 0.8%,https://cccbdb.nist.gov/exp2x.asp?casno=541731&charge=0
"1,3-dioxane",C1COCOC1,Organique,14,56.887,56.0749,0.8121,1.428,NIST,B,505-22-6,,ok_<1%,-0.75,298K,ok_one_source,-0.75,🟢 0.8%,https://cccbdb.nist.gov/exp2x.asp?casno=505226&charge=0
"1,3-propanediol",OCCCO,Organique,13,49.757,49.0462,0.7108,1.429,NIST,B,504-63-2,,ok_<1%,-0.34,298K,ok_consensus,-0.01,🟢🟢 0.0%,https://cccbdb.nist.gov/exp2x.asp?casno=504632&charge=0
salicylaldehyde,OC1=CC=CC=C1C=O,Organique,15,72.22,73.2508,1.0308,1.427,NIST,B,90-02-8,,n/a,,,n/a,,⚪ B,https://cccbdb.nist.gov/exp2x.asp?casno=90028&charge=0
P2,[P]#[P],Inorganique,2,5.033,4.9609,0.0721,1.433,ATcT,A,12185-09-0,,ok_<1%,0.3,0K,ok_consensus,0.3,🟢🟢 0.3%,https://cccbdb.nist.gov/exp2x.asp?casno=12185090&charge=0
2_Iodoethanol,C(CI)O,Organique,9,30.9735,31.4176,0.4441,1.434,ATcT_0K,A,624-76-0,,n/a,,,ok_one_source,1.38,🟢 1.4%,https://cccbdb.nist.gov/exp2x.asp?casno=624760&charge=0
NMA,CC(=O)N,Organique,9,36.26,35.457,0.803,2.215,NIST,B,60-35-5,,ok_<1%,-0.42,298K,ok_one_source,-0.42,🟢 0.4%,https://cccbdb.nist.gov/exp2x.asp?casno=60355&charge=0
Fluorodibromomethane,C(F)(Br)Br,Organique,5,14.3873,14.5978,0.2105,1.463,ATcT_0K,A,1868-53-7,0.0508,n/a,,,single_fail,2.1,🟠 2.1%,https://cccbdb.nist.gov/exp2x.asp?casno=1868537&charge=0
hexafluorobenzene,C1(=C(C(=C(C(=C1F)F)F)F)F)F,Organique,12,59.778,60.6471,0.8691,1.454,NIST,B,392-56-3,0.009,ok_<1%,-0.61,298K,one_source_fail,-0.61,🟡 0.6%,https://cccbdb.nist.gov/exp2x.asp?casno=392563&charge=0
ZnO,[Zn]=O,d-block,2,1.61,1.6137,0.0037,0.228,NIST,B,174846-84-5,,n/a,,,n/a,,⚪ B,https://cccbdb.nist.gov/exp2x.asp?casno=174846845&charge=0
TMA,CN(C)C,Organique,13,48.32,47.5009,0.8191,1.695,NIST,B,75-50-3,,warn_1-2%,-1.16,298K,ok_consensus,-1.16,🟢🟢 1.2%,https://cccbdb.nist.gov/exp2x.asp?casno=75503&charge=0
Hydrogen_iodide,I,Inorganique,2,3.0487,3.0905,0.0418,1.371,ATcT_0K,A,10034-85-2,,ok_<1%,0.12,0K,ok_consensus,0.12,🟢🟢 0.1%,https://cccbdb.nist.gov/exp2x.asp?casno=10034852&charge=0
Naphthalene,C1=CC=C2C=CC=CC2=C1,Organique,18,89.8714,91.1741,1.3027,1.45,ATcT_0K,A,91-20-3,0.0058,warn_1-2%,1.02,298K,ok_one_source,1.02,🟢 1.0%,https://cccbdb.nist.gov/exp2x.asp?casno=91203&charge=0
diethyl_oxalate,CCOC(=O)C(=O)OCC,Organique,20,85.182,83.9452,1.2368,1.452,NIST,B,95-92-1,,n/a,,,n/a,,⚪ B,https://cccbdb.nist.gov/exp2x.asp?casno=95921&charge=0
diketene,C=CC(=O)OC=C,Organique,13,57.934,58.7749,0.8409,1.451,NIST,B,2177-18-6,,n/a,,,n/a,,⚪ B,https://cccbdb.nist.gov/exp2x.asp?casno=2177186&charge=0
2-methoxyethanol,COCCO,Organique,13,49.43,48.7079,0.7221,1.461,NIST,B,109-86-4,,n/a,,,n/a,,⚪ B,https://cccbdb.nist.gov/exp2x.asp?casno=109864&charge=0
acrylic_acid,OC(=O)C=C,Organique,9,39.83,39.2492,0.6578,1.648,NIST,B,79-10-7,,ok_<1%,0.02,298K,ok_consensus,0.02,🟢🟢 0.0%,https://cccbdb.nist.gov/exp2x.asp?casno=79107&charge=0
AgF,[Ag]F,d-block,2,3.54,3.6816,0.1416,4.001,Luo2007,C,,,n/a,,,n/a,,⚪ C,https://webbook.nist.gov/cgi/cbook.cgi?Name=AgF&Mask=400&Units=SI
H2S,S,Inorganique,3,7.45,7.5767,0.1267,1.701,ATcT,A,7783-06-4,0.0018655749598383167,ok_<1%,0.81,0K,one_source_fail,0.81,🟡 0.8%,https://cccbdb.nist.gov/exp2x.asp?casno=7783064&charge=0
CaF,[Ca]F,Inorganique,2,5.29,5.2145,0.0755,1.427,HH,B,,,n/a,,,n/a,,⚪ B,https://webbook.nist.gov/cgi/cbook.cgi?Name=CaF&Mask=400&Units=SI
Phenanthrene,C1=CC=C2C(=C1)C=CC3=CC=CC=C32,Organique,24,123.2118,125.0305,12.4925,11.101,ATcT_0K,A,85-01-8,0.008,warn_1-2%,1.04,298K,ok_one_source,1.04,🟢 1.0%,https://cccbdb.nist.gov/exp2x.asp?casno=85018&charge=0
SiOCl2,Cl[Si](=O)Cl,Inorganique,4,15.395,15.2984,0.0966,0.627,Gurvich,B,73551-05-0,,n/a,,,n/a,,⚪ B,https://cccbdb.nist.gov/exp2x.asp?casno=73551050&charge=0
CH,[C][H],Organique,2,3.465,3.5165,0.0515,1.487,ATcT,A,,,n/a,,,n/a,,⚪ A,https://webbook.nist.gov/cgi/cbook.cgi?Name=CH&Mask=400&Units=SI
paraldehyde,CC1OC(C)OC(C)O1,Organique,21,86.095,84.8118,1.2832,1.49,NIST,B,123-63-7,,n/a,,,n/a,,⚪ B,https://cccbdb.nist.gov/exp2x.asp?casno=123637&charge=0
CrF,[Cr]F,d-block,2,4.56,6.6157,2.0557,45.081,CRC,B,,,n/a,,,n/a,,⚪ B,https://webbook.nist.gov/cgi/cbook.cgi?Name=CrF&Mask=400&Units=SI
methyl_vinyl_ether,COC=C,Organique,10,39.501,40.093,0.592,1.499,NIST,B,107-25-5,,n/a,,,n/a,,⚪ B,https://cccbdb.nist.gov/exp2x.asp?casno=107255&charge=0
12butadiene,C=C=CC,Organique,10,41.27,41.8928,0.6228,1.509,NIST,B,590-19-2,,ok_<1%,-0.42,0K,ok_one_source,-0.42,🟢 0.4%,https://cccbdb.nist.gov/exp2x.asp?casno=590192&charge=0
propyl_acetate,CCCOC(=O)C,Organique,17,69.739,68.6826,1.0564,1.515,NIST,B,109-60-4,,n/a,,,n/a,,⚪ B,https://cccbdb.nist.gov/exp2x.asp?casno=109604&charge=0
12-crown-4,C1COCCOCCOCCO1,Organique,28,113.739,112.0134,1.7256,1.517,NIST,B,294-93-9,,n/a,,,n/a,,⚪ B,https://cccbdb.nist.gov/exp2x.asp?casno=294939&charge=0
difluorobromomethane,FC(F)Br,Organique,5,16.887,16.64,0.247,1.463,NIST,B,1511-62-2,0.0048,ok_<1%,0.08,298K,ok_consensus,0.08,🟢🟢 0.1%,https://cccbdb.nist.gov/exp2x.asp?casno=1511622&charge=0
Chlorofluoromethane,C(F)Cl,Organique,5,16.5502,16.8169,0.2667,1.611,ATcT_0K,A,593-70-4,0.0088,warn_1-2%,1.15,298K,ok_consensus,1.15,🟢🟢 1.2%,https://cccbdb.nist.gov/exp2x.asp?casno=593704&charge=0
SiH2F2,F[SiH2]F,Inorganique,5,17.244,16.9833,0.2607,1.512,NIST,B,39384-00-4,,n/a,,,n/a,,⚪ B,https://cccbdb.nist.gov/exp2x.asp?casno=39384004&charge=0
p-fluorotoluene,Cc1ccc(F)cc1,Organique,15,70.521,69.4438,1.0772,1.527,NIST,B,352-32-9,,n/a,,,n/a,,⚪ B,https://cccbdb.nist.gov/exp2x.asp?casno=352329&charge=0
TiI4,[Ti](I)(I)(I)I,d-block,5,12.199,14.4473,2.2483,18.43,JANAF,B,7720-83-4,,n/a,,,n/a,,⚪ B,https://cccbdb.nist.gov/exp2x.asp?casno=7720834&charge=0
ScOH,O[Sc],d-block,3,11.369,12.7767,1.4077,12.382,Gurvich,B,,,n/a,,,n/a,,⚪ B,https://webbook.nist.gov/cgi/cbook.cgi?Name=ScOH&Mask=1&Units=SI
styrene,C=Cc1ccccc1,Organique,16,74.85,76.0042,1.1542,1.542,NIST,B,100-42-5,,warn_1-2%,1.5,298K,ok_consensus,1.49,🟢🟢 1.5%,https://cccbdb.nist.gov/exp2x.asp?casno=100425&charge=0
MePH2,PC,Organique,7,22.21,21.8671,0.3429,1.544,NIST,B,593-54-4,,n/a,,,ok_one_source,-0.26,🟢 0.3%,https://cccbdb.nist.gov/exp2x.asp?casno=593544&charge=0
"1,2-propanediol",CC(O)CO,Organique,13,49.89,49.1128,0.7772,1.558,NIST,B,57-55-6,,ok_<1%,0.18,298K,ok_one_source,0.18,🟢 0.2%,https://cccbdb.nist.gov/exp2x.asp?casno=57556&charge=0
3_Dioxiranone,C1(=O)OO1,Inorganique,4,16.7055,16.444,0.2615,1.566,ATcT_0K,A,94660-13-6,,n/a,,,n/a,,⚪ A,https://cccbdb.nist.gov/exp2x.asp?casno=94660136&charge=0
KCl,[K]Cl,Inorganique,2,4.43,4.512,0.082,1.852,NIST,B,7447-40-7,,ok_<1%,-0.57,298K,ok_one_source,-0.57,🟢 0.6%,https://cccbdb.nist.gov/exp2x.asp?casno=7447407&charge=0
Ethoxy,CC[O],Organique,8,28.4427,28.8886,0.4459,1.568,ATcT_0K,A,2154-50-9,0.0044,n/a,,,ok_one_source,1.45,🟢 1.4%,https://cccbdb.nist.gov/exp2x.asp?casno=2154509&charge=0
Carbonic_acid,C(=O)(O)O,Inorganique,6,25.3439,24.9452,0.3987,1.573,ATcT_0K,A,463-79-6,,n/a,,,ok_one_source,1.04,🟢 1.0%,https://cccbdb.nist.gov/exp2x.asp?casno=463796&charge=0
MecPr,C1CC1C,Organique,12,47.8,47.049,0.751,1.571,NIST,B,594-11-6,,n/a,,,n/a,,⚪ B,https://cccbdb.nist.gov/exp2x.asp?casno=594116&charge=0
Propadienone,C=C=C=O,Organique,6,27.7867,27.3487,0.438,1.576,ATcT_0K,A,61244-93-7,0.0063,n/a,,,n/a,,⚪ A,https://cccbdb.nist.gov/exp2x.asp?casno=61244937&charge=0
methacrylonitrile,CC(=C)C#N,Organique,10,44.995,44.1866,0.8084,1.797,NIST,B,126-98-7,,n/a,,,n/a,,⚪ B,https://cccbdb.nist.gov/exp2x.asp?casno=126987&charge=0
benzonitrile,N#Cc1ccccc1,Organique,13,65.956,64.8135,1.1425,1.732,NIST,B,100-47-0,0.0096,ok_<1%,-0.05,298K,ok_consensus,0.04,🟢🟢 0.0%,https://cccbdb.nist.gov/exp2x.asp?casno=100470&charge=0
pentafluoroethane,FC(F)C(F)(F)F,Organique,8,32.671,33.2013,0.5303,1.623,NIST,B,354-33-6,,n/a,,,ok_one_source,0.51,🟢 0.5%,https://cccbdb.nist.gov/exp2x.asp?casno=354336&charge=0
"1,3-dioxolane",C1OCOC1,Organique,11,44.529,43.8233,0.7057,1.585,NIST,B,646-06-0,,ok_<1%,-0.98,298K,ok_one_source,-0.98,🟢 1.0%,https://cccbdb.nist.gov/exp2x.asp?casno=646060&charge=0
VinylCl,C=CCl,Organique,6,22.66,23.0297,0.3697,1.631,NIST,B,75-01-4,,ok_<1%,0.01,298K,ok_consensus,0.01,🟢🟢 0.0%,https://cccbdb.nist.gov/exp2x.asp?casno=75014&charge=0
BO,[B]#[O],Inorganique,,8.28,8.1379,0.1421,1.716,HH,B,12505-77-0,,n/a,,,n/a,,⚪ B,https://cccbdb.nist.gov/exp2x.asp?casno=12505770&charge=0
CCl,[C]Cl,Organique,2,3.96,3.9554,0.0046,0.116,HH,B,,,n/a,,,n/a,,⚪ B,https://webbook.nist.gov/cgi/cbook.cgi?Name=CCl&Mask=400&Units=SI
cyclopentene,C1CC=CC1,Organique,13,54.863,55.7354,0.8724,1.59,NIST,B,142-29-0,0.0048,ok_<1%,0.0,298K,ok_consensus,0.0,🟢🟢 0.0%,https://cccbdb.nist.gov/exp2x.asp?casno=142290&charge=0
Difluorodibromomethane,C(F)(F)(Br)Br,Organique,5,15.0293,14.7942,0.2351,1.564,ATcT_0K,A,75-61-6,0.0135,n/a,,,single_fail,2.31,🟠 2.3%,https://cccbdb.nist.gov/exp2x.asp?casno=75616&charge=0
pentafluoroethane,FC(F)(F)C(F)F,Organique,8,32.671,33.2013,0.5303,1.623,NIST,B,354-33-6,,n/a,,,ok_one_source,0.51,🟢 0.5%,https://cccbdb.nist.gov/exp2x.asp?casno=354336&charge=0
isopropyl_acetate,CC(C)OC(=O)C,Organique,17,69.887,68.7656,1.1244,1.609,NIST,B,108-21-4,,n/a,,,n/a,,⚪ B,https://cccbdb.nist.gov/exp2x.asp?casno=108214&charge=0
4-hydroxypyridine,Oc1ccncc1,Organique,12,56.232,57.4002,1.1682,2.078,NIST,B,626-64-2,,ok_<1%,-0.0,298K,ok_one_source,-0.0,🟢 0.0%,https://cccbdb.nist.gov/exp2x.asp?casno=626642&charge=0
isopropyl_acetate,CC(=O)OC(C)C,Organique,17,69.89,68.7656,1.1244,1.609,NIST,B,108-21-4,,n/a,,,n/a,,⚪ B,https://cccbdb.nist.gov/exp2x.asp?casno=108214&charge=0
HBF4_frag,FB(F)(F)F,Inorganique,,24.766,24.3671,0.3989,1.611,JANAF,B,,,n/a,,,n/a,,⚪ B,https://webbook.nist.gov/cgi/cbook.cgi?Name=HBF4_frag&Mask=1&Units=SI
Bromofluoromethane,C(F)Br,Organique,5,15.8576,16.1159,0.2583,1.629,ATcT_0K,A,373-52-4,0.0508,fail_>2%,-12.53,0K,one_source_fail,1.72,🟡 1.7%,https://cccbdb.nist.gov/exp2x.asp?casno=373524&charge=0
1-fluorobutane,CCCCF,Organique,14,53.844,54.7193,0.8753,1.626,NIST,B,2366-52-1,,n/a,,,n/a,,⚪ B,https://cccbdb.nist.gov/exp2x.asp?casno=2366521&charge=0
benzoxazole,c1ccc2ocnc2c1,Organique,14,70.306,69.3278,0.9782,1.391,NIST,B,273-53-0,,n/a,,,ok_one_source,0.0,🟢 0.0%,https://cccbdb.nist.gov/exp2x.asp?casno=273530&charge=0
Fulvenone,C1=CC(=C=O)C=C1,Organique,11,54.5389,55.4252,0.8863,1.625,ATcT_0K,A,4727-22-4,0.0166,n/a,,,n/a,,⚪ A,https://cccbdb.nist.gov/exp2x.asp?casno=4727224&charge=0
FeCl3,Cl[Fe](Cl)Cl,d-block,4,10.71,11.3603,0.6503,6.072,JANAF,B,7705-08-0,,n/a,,,ok_one_source,-0.0,🟢 0.0%,https://cccbdb.nist.gov/exp2x.asp?casno=7705080&charge=0
SiC,[Si]#[C],Organique,2,4.64,4.7155,0.0755,1.627,HH,B,,,n/a,,,n/a,,⚪ B,https://webbook.nist.gov/cgi/cbook.cgi?Name=SiC&Mask=400&Units=SI
ZnH,[Zn][H],d-block,2,0.85,0.8537,0.0037,0.431,CRC,B,,,n/a,,,n/a,,⚪ B,https://webbook.nist.gov/cgi/cbook.cgi?Name=ZnH&Mask=400&Units=SI
ethyl_formate,CCOC=O,Organique,11,44.855,44.1201,0.7349,1.638,NIST,B,109-94-4,,ok_<1%,0.62,298K,ok_consensus,0.62,🟢🟢 0.6%,https://cccbdb.nist.gov/exp2x.asp?casno=109944&charge=0
"2,3-dimethyl-1,3-butadiene",CC(=C)C(=C)C,Organique,16,66.664,67.7566,1.0926,1.639,NIST,B,513-81-5,,n/a,,,n/a,,⚪ B,https://cccbdb.nist.gov/exp2x.asp?casno=513815&charge=0
Hypochlorous_acid,OCl,Inorganique,3,6.8025,6.9538,0.1513,2.224,ATcT_0K,A,7790-92-3,,ok_<1%,-0.36,0K,ok_consensus,-0.36,🟢🟢 0.4%,https://cccbdb.nist.gov/exp2x.asp?casno=7790923&charge=0
acrylic_acid,C=CC(=O)O,Organique,9,39.907,39.2492,0.6578,1.648,NIST,B,79-10-7,,ok_<1%,-0.17,298K,ok_consensus,-0.1,🟢🟢 0.1%,https://cccbdb.nist.gov/exp2x.asp?casno=79107&charge=0
2-azetidinone,O=C1CCN1,Organique,10,42.057,41.1484,0.9086,2.16,NIST,B,930-21-2,,n/a,,,n/a,,⚪ B,https://cccbdb.nist.gov/exp2x.asp?casno=930212&charge=0
NiH,[Ni][H],d-block,2,2.54,2.4685,0.0715,2.815,3dMLBE20,C,14332-32-2,,n/a,,,n/a,,⚪ C,https://cccbdb.nist.gov/exp2x.asp?casno=14332322&charge=0
2_Butynyl,CC#C[CH2],Organique,9,37.3914,38.011,0.6196,1.657,ATcT_0K,A,,,n/a,,,n/a,,⚪ A,https://webbook.nist.gov/cgi/cbook.cgi?Name=2_Butynyl&Mask=1&Units=SI
dimethylurea,CNC(=O)NC,Organique,14,55.974,54.6117,1.3623,2.434,NIST,B,96-31-1,,warn_1-2%,-1.68,298K,ok_one_source,-1.68,🟢 1.7%,https://cccbdb.nist.gov/exp2x.asp?casno=96311&charge=0
methylenecyclopropane,C=C1CC1,Organique,10,41.133,41.8155,0.6825,1.659,NIST,B,6142-73-0,,ok_<1%,0.14,298K,one_source_fail,0.14,🟡 0.1%,https://cccbdb.nist.gov/exp2x.asp?casno=6142730&charge=0
DMS,CSC,Organique,9,31.67,31.1445,0.5255,1.659,NIST,B,75-18-3,,ok_<1%,0.01,298K,ok_consensus,0.01,🟢🟢 0.0%,https://cccbdb.nist.gov/exp2x.asp?casno=75183&charge=0
MnCl2,Cl[Mn]Cl,d-block,3,8.67,8.217,0.453,5.224,JANAF,B,,,n/a,,,n/a,,⚪ B,https://webbook.nist.gov/cgi/cbook.cgi?Name=MnCl2&Mask=1&Units=SI
alanine,CC(N)C(=O)O,Organique,13,52.558,51.4116,1.1464,2.181,NIST,B,1222-66-8,,n/a,,,n/a,,⚪ B,https://cccbdb.nist.gov/exp2x.asp?casno=1222668&charge=0
2-methylimidazole,CC1=NC=CN1,Organique,12,52.237,52.8068,0.5698,1.091,NIST,B,693-98-1,,ok_<1%,-0.2,298K,ok_one_source,-0.2,🟢 0.2%,https://cccbdb.nist.gov/exp2x.asp?casno=693981&charge=0
1_1_Ethenediol,C=C(O)O,Organique,8,31.8881,32.4196,0.5315,1.667,ATcT_0K,A,10375-04-9,,n/a,,,n/a,,⚪ A,https://cccbdb.nist.gov/exp2x.asp?casno=10375049&charge=0
LiOH,[Li]O,Inorganique,3,8.921,8.7831,0.1379,1.546,JANAF,B,1310-65-2,,n/a,,,ok_one_source,-0.61,🟢 0.6%,https://cccbdb.nist.gov/exp2x.asp?casno=1310652&charge=0
trioxane,C1OCOCO1,Organique,12,48.412,47.5969,0.8151,1.684,NIST,B,110-88-3,,ok_<1%,0.01,298K,one_source_fail,0.01,🟡 0.0%,https://cccbdb.nist.gov/exp2x.asp?casno=110883&charge=0
S2F2,FSSF,Inorganique,4,11.412,11.7517,0.3397,2.977,Gurvich,B,13709-35-8,,n/a,,,single_fail,-5.97,🟠 6.0%,https://cccbdb.nist.gov/exp2x.asp?casno=13709358&charge=0
SiF,[Si]F,Inorganique,2,5.57,5.5579,0.0121,0.217,HH,B,11128-24-8,,fail_>2%,2.4,0K,conflict,2.4,🔴 2.4%,https://cccbdb.nist.gov/exp2x.asp?casno=11128248&charge=0
allyl_chloride,C=CCCl,Organique,9,34.886,35.4857,0.5997,1.719,NIST,B,107-05-1,,ok_<1%,0.03,298K,ok_consensus,0.03,🟢🟢 0.0%,https://cccbdb.nist.gov/exp2x.asp?casno=107051&charge=0
propylene_oxide,CC1CO1,Organique,10,39.31,38.6424,0.6676,1.698,NIST,B,75-56-9,,ok_<1%,0.21,298K,ok_consensus,0.19,🟢🟢 0.2%,https://cccbdb.nist.gov/exp2x.asp?casno=75569&charge=0
VO2,O=[V]=O,d-block,3,13.448,13.1923,0.2557,1.901,JANAF,B,12036-21-4,,n/a,,,n/a,,⚪ B,https://cccbdb.nist.gov/exp2x.asp?casno=12036214&charge=0
"1,4-cyclohexadiene",C1C=CCC=C1,Organique,14,61.565,62.6152,1.0502,1.706,NIST,B,628-41-1,,ok_<1%,-0.09,298K,ok_consensus,-0.09,🟢🟢 0.1%,https://cccbdb.nist.gov/exp2x.asp?casno=628411&charge=0
glycolal,OCC=O,Organique,8,32.44,31.881,0.559,1.723,NIST,B,141-46-8,,n/a,,,ok_one_source,-0.29,🟢 0.3%,https://cccbdb.nist.gov/exp2x.asp?casno=141468&charge=0
4-aminophenol,NC1=CC=C(O)C=C1,Organique,15,68.559,69.4584,0.8994,1.312,NIST,B,123-30-8,,n/a,,,n/a,,⚪ B,https://cccbdb.nist.gov/exp2x.asp?casno=123308&charge=0
benzimidazole,C1=CC=C2C(=C1)N=CN2,Organique,15,73.468,74.4353,0.9673,1.317,NIST,B,51-17-2,,n/a,,,n/a,,⚪ B,https://cccbdb.nist.gov/exp2x.asp?casno=51172&charge=0
Peroxynitrous_acid,N(=O)OO,Inorganique,5,14.7104,14.715,0.0046,0.032,ATcT_0K,A,14691-52-2,,n/a,,,single_fail,2.22,🟠 2.2%,https://cccbdb.nist.gov/exp2x.asp?casno=14691522&charge=0
"2,6-dimethylpyridine",CC1=CC=CC(=N1)C,Organique,17,76.62,77.8981,1.2781,1.668,NIST,B,108-48-5,,n/a,,,n/a,,⚪ B,https://cccbdb.nist.gov/exp2x.asp?casno=108485&charge=0
AlH,[Al][H],Inorganique,2,2.98,2.9425,0.0375,1.259,HH,B,13967-22-1,,fail_>2%,2.24,0K,one_source_fail,0.37,🟡 0.4%,https://cccbdb.nist.gov/exp2x.asp?casno=13967221&charge=0
trifluoroethanol,C(C(F)(F)F)O,Organique,9,35.892,35.2657,0.6263,1.745,NIST,B,75-89-8,,n/a,,,ok_one_source,0.08,🟢 0.1%,https://cccbdb.nist.gov/exp2x.asp?casno=75898&charge=0
Butatriene,C=C=C=C,Organique,8,35.0462,35.6641,0.6179,1.763,ATcT_0K,A,2873-50-9,0.0064,n/a,,,n/a,,⚪ A,https://cccbdb.nist.gov/exp2x.asp?casno=2873509&charge=0
Tribromochloromethane,C(Cl)(Br)(Br)Br,Organique,5,11.2062,11.4169,0.2107,1.88,ATcT_0K,A,594-15-0,0.0155,n/a,,,single_fail,3.64,🟠 3.6%,https://cccbdb.nist.gov/exp2x.asp?casno=594150&charge=0
NO2,O=[N]=O,Inorganique,,9.62,9.4474,0.1726,1.795,ATcT,A,,,n/a,,,n/a,,⚪ A,https://webbook.nist.gov/cgi/cbook.cgi?Name=NO2&Mask=1&Units=SI
isoprene,CC(=C)C=C,Organique,13,54.43,55.3953,0.9653,1.773,NIST,B,78-79-5,0.0068,ok_<1%,-0.0,298K,ok_consensus,-0.0,🟢🟢 0.0%,https://cccbdb.nist.gov/exp2x.asp?casno=78795&charge=0
FeCl,[Fe]Cl,d-block,2,3.52,4.8836,1.3636,38.74,CRC,B,,,n/a,,,n/a,,⚪ B,https://webbook.nist.gov/cgi/cbook.cgi?Name=FeCl&Mask=400&Units=SI
NaO,[Na][O],Inorganique,2,2.6,2.6505,0.0505,1.941,HH,B,,,n/a,,,n/a,,⚪ B,https://webbook.nist.gov/cgi/cbook.cgi?Name=NaO&Mask=400&Units=SI
"1,3-cyclohexadiene",C1CC=CC=C1,Organique,14,61.544,62.6446,1.1006,1.788,NIST,B,592-57-4,,ok_<1%,-0.0,298K,ok_consensus,-0.0,🟢🟢 0.0%,https://cccbdb.nist.gov/exp2x.asp?casno=592574&charge=0
N2H4,NN,Inorganique,6,17.96,17.8747,0.0853,0.475,ATcT,A,302-01-2,,ok_<1%,-0.62,298K,ok_consensus,-0.62,🟢🟢 0.6%,https://cccbdb.nist.gov/exp2x.asp?casno=302012&charge=0
NaBr,[Na]Br,Inorganique,2,3.79,3.8377,0.0477,1.257,JANAF,B,7647-15-6,,ok_<1%,-0.65,298K,ok_one_source,-0.65,🟢 0.7%,https://cccbdb.nist.gov/exp2x.asp?casno=7647156&charge=0
adamantane,C1C2CC3CC1CC(C2)C3,Organique,26,111.824,113.84,2.016,1.803,NIST,B,281-23-2,,ok_<1%,-0.0,298K,ok_consensus,0.0,🟢🟢 0.0%,https://cccbdb.nist.gov/exp2x.asp?casno=281232&charge=0
SH,[S][H],Inorganique,2,3.56,3.6326,0.0726,2.04,ATcT,A,,,n/a,,,n/a,,⚪ A,https://webbook.nist.gov/cgi/cbook.cgi?Name=SH&Mask=400&Units=SI
ethanol,CCO,Organique,9,33.43,32.8255,0.6045,1.808,NIST,B,64-17-5,,ok_<1%,-0.01,298K,ok_consensus,-0.0,🟢🟢 0.0%,https://cccbdb.nist.gov/exp2x.asp?casno=64175&charge=0
2-aminophenol,NC1=CC=CC=C1O,Organique,15,68.549,69.5058,0.9568,1.396,NIST,B,95-55-6,,n/a,,,n/a,,⚪ B,https://cccbdb.nist.gov/exp2x.asp?casno=95556&charge=0
BF,[B]F,Inorganique,2,7.81,7.7827,0.0273,0.35,HH,B,13768-60-0,,ok_<1%,-0.3,298K,ok_one_source,-0.3,🟢 0.3%,https://cccbdb.nist.gov/exp2x.asp?casno=13768600&charge=0
3_Buten_2_one,CC(=O)C=C,Organique,11,46.4575,47.3018,0.8443,1.817,ATcT_0K,A,78-94-4,,n/a,,,ok_one_source,1.13,🟢 1.1%,https://cccbdb.nist.gov/exp2x.asp?casno=78944&charge=0
CaF2,F[Ca]F,Inorganique,3,11.684,11.9017,0.2177,1.863,JANAF,B,7789-75-5,,ok_<1%,0.01,298K,ok_one_source,0.01,🟢 0.0%,https://cccbdb.nist.gov/exp2x.asp?casno=7789755&charge=0
cC3H6,C1CC1,Organique,9,35.29,34.6393,0.6507,1.844,NIST,B,75-19-4,,ok_<1%,-0.01,298K,ok_consensus,-0.01,🟢🟢 0.0%,https://cccbdb.nist.gov/exp2x.asp?casno=75194&charge=0
C2H4,C=C,Organique,6,23.09,22.6628,0.4272,1.85,ATcT,A,74-85-1,,ok_<1%,-0.1,0K,ok_consensus,-0.1,🟢🟢 0.1%,https://cccbdb.nist.gov/exp2x.asp?casno=74851&charge=0
CBrCl3,ClC(Cl)(Cl)Br,Organique,5,12.867,12.6569,0.2101,1.633,NIST,B,75-62-7,,ok_<1%,-0.57,298K,ok_consensus,-0.18,🟢🟢 0.2%,https://cccbdb.nist.gov/exp2x.asp?casno=75627&charge=0
1-methylimidazole,CN1C=CN=C1,Organique,12,51.755,52.4677,0.7127,1.377,NIST,B,616-47-7,,n/a,,,n/a,,⚪ B,https://cccbdb.nist.gov/exp2x.asp?casno=616477&charge=0
Si2Cl6,Cl[Si](Cl)(Cl)[Si](Cl)(Cl)Cl,Inorganique,8,27.372,26.8951,0.4769,1.742,JANAF,B,13465-77-5,,n/a,,,n/a,,⚪ B,https://cccbdb.nist.gov/exp2x.asp?casno=13465775&charge=0
TiO2,O=[Ti]=O,d-block,3,13.23,13.4317,0.2017,1.525,JANAF,B,13463-67-7,,ok_<1%,0.02,298K,ok_one_source,0.02,🟢 0.0%,https://cccbdb.nist.gov/exp2x.asp?casno=13463677&charge=0
CuBr2,Br[Cu]Br,d-block,3,5.267,5.9695,0.7025,13.338,Gurvich,B,7789-45-9,,n/a,,,n/a,,⚪ B,https://cccbdb.nist.gov/exp2x.asp?casno=7789459&charge=0
NiO,[Ni]=O,d-block,2,3.91,3.9237,0.0137,0.35,CRC,B,34492-97-2,,n/a,,,n/a,,⚪ B,https://cccbdb.nist.gov/exp2x.asp?casno=34492972&charge=0
1_2_Butadiene,CC=C=C,Organique,10,41.1027,41.8988,0.7961,1.937,ATcT_0K,A,590-19-2,,ok_<1%,-0.02,0K,ok_one_source,-0.02,🟢 0.0%,https://cccbdb.nist.gov/exp2x.asp?casno=590192&charge=0
HFC_134a,FCC(F)(F)F,Organique,8,31.864,32.4915,0.6275,1.969,NIST,B,811-97-2,,n/a,,,ok_one_source,0.84,🟢 0.8%,https://cccbdb.nist.gov/exp2x.asp?casno=811972&charge=0
biuret,NC(=O)NC(=O)N,Organique,12,51.641,49.8579,1.7831,3.453,NIST,B,108-19-0,,n/a,,,n/a,,⚪ B,https://cccbdb.nist.gov/exp2x.asp?casno=108190&charge=0
butyric_acid,CCCC(=O)O,Organique,14,57.883,56.7473,1.1357,1.962,NIST,B,107-92-6,,ok_<1%,0.0,298K,ok_consensus,0.0,🟢🟢 0.0%,https://cccbdb.nist.gov/exp2x.asp?casno=107926&charge=0
isoquinoline,C1=CC=C2C=NC=CC2=C1,Organique,17,85.445,87.0596,1.6146,1.89,NIST,B,119-65-3,,n/a,,,ok_one_source,-0.0,🟢 0.0%,https://cccbdb.nist.gov/exp2x.asp?casno=119653&charge=0
EtSSH,CCSS,Organique,10,34.46,35.1378,0.6778,1.967,NIST,B,74004-30-1,,n/a,,,n/a,,⚪ B,https://cccbdb.nist.gov/exp2x.asp?casno=74004301&charge=0
methyl_thiocyanate,CSC#N,Organique,7,28.053,27.4047,0.6483,2.311,NIST,B,556-64-9,,n/a,,,n/a,,⚪ B,https://cccbdb.nist.gov/exp2x.asp?casno=556649&charge=0
quinoline,C1=CC=C2C(=C1)C=CC=N2,Organique,17,85.488,87.1169,1.6289,1.905,NIST,B,91-22-5,,n/a,,,ok_one_source,-0.0,🟢 0.0%,https://cccbdb.nist.gov/exp2x.asp?casno=91225&charge=0
methyl_propanoate,CCC(=O)OC,Organique,14,57.471,56.3223,1.1487,1.999,NIST,B,554-12-1,,n/a,,,ok_one_source,0.02,🟢 0.0%,https://cccbdb.nist.gov/exp2x.asp?casno=554121&charge=0
glycerol,OCC(O)CO,Organique,14,54.096,53.0132,1.0828,2.002,NIST,B,56-81-5,,ok_<1%,-0.0,298K,ok_consensus,-0.0,🟢🟢 0.0%,https://cccbdb.nist.gov/exp2x.asp?casno=56815&charge=0
diethyl_carbonate,CCOC(=O)OCC,Organique,18,74.093,72.6095,1.4835,2.002,NIST,B,105-58-8,,n/a,,,ok_one_source,-0.07,🟢 0.1%,https://cccbdb.nist.gov/exp2x.asp?casno=105588&charge=0
Ethylperoxy,CCO[O],Organique,9,31.115,31.7446,0.6296,2.023,ATcT_0K,A,3170-61-4,0.0066,n/a,,,ok_one_source,1.21,🟢 1.2%,https://cccbdb.nist.gov/exp2x.asp?casno=3170614&charge=0
Bromoform,C(Br)(Br)Br,Organique,5,12.2645,12.5159,0.2514,2.049,ATcT_0K,A,75-25-2,0.0104,warn_1-2%,1.41,0K,one_source_fail,1.41,🟡 1.4%,https://cccbdb.nist.gov/exp2x.asp?casno=75252&charge=0
MnBr2,Br[Mn]Br,d-block,3,7.613,7.4358,0.1772,2.328,JANAF,B,12738-03-3,,n/a,,,n/a,,⚪ B,https://cccbdb.nist.gov/exp2x.asp?casno=12738033&charge=0
CF,[C]F,Organique,2,5.56,5.5379,0.0221,0.398,HH,B,,,n/a,,,n/a,,⚪ B,https://webbook.nist.gov/cgi/cbook.cgi?Name=CF&Mask=400&Units=SI
Isobutene,CC(=C)C,Organique,12,47.3619,48.3247,0.9628,2.033,ATcT_0K,A,115-11-7,0.0038,ok_<1%,-0.01,0K,ok_consensus,-0.01,🟢🟢 0.0%,https://cccbdb.nist.gov/exp2x.asp?casno=115117&charge=0
isobutyric_acid,CC(C)C(=O)O,Organique,14,57.968,56.785,1.183,2.041,NIST,B,79-31-2,,n/a,,,n/a,,⚪ B,https://cccbdb.nist.gov/exp2x.asp?casno=79312&charge=0
DMA,CNC,Organique,10,36.34,35.3822,0.9578,2.636,NIST,B,124-40-3,,warn_1-2%,-1.59,298K,ok_consensus,-1.52,🟢🟢 1.5%,https://cccbdb.nist.gov/exp2x.asp?casno=124403&charge=0
MnF2,F[Mn]F,d-block,3,11.11,13.7492,2.6392,23.756,JANAF,B,,,n/a,,,n/a,,⚪ B,https://webbook.nist.gov/cgi/cbook.cgi?Name=MnF2&Mask=1&Units=SI
VF,[V]F,d-block,2,5.45,8.3394,2.8894,53.016,CRC,B,,,n/a,,,n/a,,⚪ B,https://webbook.nist.gov/cgi/cbook.cgi?Name=VF&Mask=400&Units=SI
CuCl2,Cl[Cu]Cl,d-block,3,6.46,6.6997,0.2397,3.711,JANAF,B,7447-39-4,,n/a,,,n/a,,⚪ B,https://cccbdb.nist.gov/exp2x.asp?casno=7447394&charge=0
succinic_anhydride,O=C1OC(=O)CC1,Organique,11,51.962,50.8828,1.0792,2.077,NIST,B,108-30-5,,n/a,,,n/a,,⚪ B,https://cccbdb.nist.gov/exp2x.asp?casno=108305&charge=0
adiponitrile,N#CCCCCC#N,Organique,16,71.555,69.871,1.684,2.353,NIST,B,111-69-3,,n/a,,,n/a,,⚪ B,https://cccbdb.nist.gov/exp2x.asp?casno=111693&charge=0
CH3OH,CO,Organique,6,21.29,20.8464,0.4436,2.083,ATcT,A,67-56-1,,ok_<1%,-0.75,298K,ok_consensus,-0.75,🟢🟢 0.7%,https://cccbdb.nist.gov/exp2x.asp?casno=67561&charge=0
ethyl_propanoate,CCOC(=O)CC,Organique,17,70.109,68.6484,1.4606,2.083,NIST,B,105-37-3,,n/a,,,ok_one_source,-0.54,🟢 0.5%,https://cccbdb.nist.gov/exp2x.asp?casno=105373&charge=0
NiBr2,Br[Ni]Br,d-block,3,6.71,8.6926,1.9826,29.547,Gurvich,B,,,n/a,,,n/a,,⚪ B,https://webbook.nist.gov/cgi/cbook.cgi?Name=NiBr2&Mask=1&Units=SI
ClF3,F[Cl](F)F,Inorganique,,5.417,5.5302,0.1132,2.09,JANAF,B,7790-91-2,,n/a,,,n/a,,⚪ B,https://cccbdb.nist.gov/exp2x.asp?casno=7790912&charge=0
cyclopentadiene,C1C=CC=C1,Organique,11,49.304,50.3404,1.0364,2.102,NIST,B,542-92-7,0.0062,ok_<1%,-0.0,298K,ok_consensus,-0.0,🟢🟢 0.0%,https://cccbdb.nist.gov/exp2x.asp?casno=542927&charge=0
CuCl,Cl[Cu],d-block,2,3.75,3.893,0.143,3.814,HH,B,7758-89-6,,warn_1-2%,1.1,0K,ok_consensus,1.1,🟢🟢 1.1%,https://cccbdb.nist.gov/exp2x.asp?casno=7758896&charge=0
Phenylethene,C=CC1=CC=CC=C1,Organique,16,75.1377,76.722,1.5843,2.108,ATcT_0K,A,100-42-5,0.0055,warn_1-2%,1.11,298K,ok_consensus,1.1,🟢🟢 1.1%,https://cccbdb.nist.gov/exp2x.asp?casno=100425&charge=0
1_Phenylethenol,C=C(C1=CC=CC=C1)O,Organique,17,79.5546,81.2329,1.6783,2.11,ATcT_0K,A,4383-15-7,,n/a,,,n/a,,⚪ A,https://cccbdb.nist.gov/exp2x.asp?casno=4383157&charge=0
CH2O,C=O,Organique,4,15.46,15.786,0.326,2.109,ATcT,A,50-00-0,,ok_<1%,0.22,0K,ok_consensus,0.22,🟢🟢 0.2%,https://cccbdb.nist.gov/exp2x.asp?casno=50000&charge=0
EtOAc,CCOC(=O)C,Organique,14,57.56,56.3436,1.2164,2.113,NIST,B,141-78-6,,ok_<1%,0.01,298K,ok_consensus,0.01,🟢🟢 0.0%,https://cccbdb.nist.gov/exp2x.asp?casno=141786&charge=0
ethyl_acetate,CC(=O)OCC,Organique,14,57.559,56.3425,1.2165,2.113,NIST,B,141-78-6,,ok_<1%,0.02,298K,ok_consensus,0.02,🟢🟢 0.0%,https://cccbdb.nist.gov/exp2x.asp?casno=141786&charge=0
2-aminopyridine,Nc1ccccn1,Organique,13,59.27,60.4875,1.2175,2.054,NIST,B,504-29-0,,n/a,,,ok_one_source,-0.01,🟢 0.0%,https://cccbdb.nist.gov/exp2x.asp?casno=504290&charge=0
FeBr2,Br[Fe]Br,d-block,3,7.297,9.5958,2.2988,31.503,JANAF,B,,,n/a,,,n/a,,⚪ B,https://webbook.nist.gov/cgi/cbook.cgi?Name=FeBr2&Mask=1&Units=SI
AuH,[Au][H],d-block,2,3.11,3.1405,0.0305,0.979,Luo2007,C,,,n/a,,,n/a,,⚪ C,https://webbook.nist.gov/cgi/cbook.cgi?Name=AuH&Mask=400&Units=SI
epichlorohydrin,ClCC1CO1,Organique,10,38.959,38.1375,0.8215,2.109,NIST,B,106-89-8,,warn_1-2%,-1.08,298K,ok_one_source,-1.08,🟢 1.1%,https://cccbdb.nist.gov/exp2x.asp?casno=106898&charge=0
2-methylpyridine,CC1=CC=CC=N1,Organique,14,64.254,65.5636,1.3096,2.038,NIST,B,109-06-8,,fail_>2%,2.03,298K,single_fail,2.03,🟠 2.0%,https://cccbdb.nist.gov/exp2x.asp?casno=109068&charge=0
BH3,[BH3],Inorganique,4,11.535,11.7819,0.2469,2.141,JANAF,B,13283-31-3,,ok_<1%,0.29,0K,ok_consensus,0.12,🟢🟢 0.1%,https://cccbdb.nist.gov/exp2x.asp?casno=13283313&charge=0
oxetane,C1COC1,Organique,10,39.26,38.4167,0.8433,2.148,NIST,B,503-30-0,,ok_<1%,-0.01,298K,ok_consensus,-0.01,🟢🟢 0.0%,https://cccbdb.nist.gov/exp2x.asp?casno=503300&charge=0
benzoic_acid,OC(=O)c1ccccc1,Organique,15,73.764,72.1758,1.5882,2.153,NIST,B,65-85-0,,n/a,,,ok_one_source,0.07,🟢 0.1%,https://cccbdb.nist.gov/exp2x.asp?casno=65850&charge=0
pyridine,c1ccncc1,Organique,11,51.43,52.8082,1.3782,2.68,NIST,B,110-86-1,,ok_<1%,0.88,298K,one_source_fail,0.88,🟡 0.9%,https://cccbdb.nist.gov/exp2x.asp?casno=110861&charge=0
butad,C=CC=C,Organique,10,42.13,43.0403,0.9103,2.161,NIST,B,106-99-0,,ok_<1%,0.01,298K,ok_consensus,0.01,🟢🟢 0.0%,https://cccbdb.nist.gov/exp2x.asp?casno=106990&charge=0
4-methylpyridine,CC1=CC=NC=C1,Organique,14,64.203,65.5356,1.3326,2.076,NIST,B,108-89-4,,n/a,,,n/a,,⚪ B,https://cccbdb.nist.gov/exp2x.asp?casno=108894&charge=0
indole,C1=CC=C2C(=C1)C=CN2,Organique,16,78.208,79.689,1.481,1.894,NIST,B,120-72-9,,n/a,,,ok_one_source,0.39,🟢 0.4%,https://cccbdb.nist.gov/exp2x.asp?casno=120729&charge=0
EtCN,CCC#N,Organique,9,37.93,37.0088,0.9212,2.429,NIST,B,107-12-0,,ok_<1%,0.04,298K,ok_consensus,0.04,🟢🟢 0.0%,https://cccbdb.nist.gov/exp2x.asp?casno=107120&charge=0
Acetone_enol,CC(=C)O,Organique,10,39.6181,40.4802,0.8621,2.176,ATcT_0K,A,29456-04-0,,fail_>2%,-2.02,298K,single_fail,-2.02,🟠 2.0%,https://cccbdb.nist.gov/exp2x.asp?casno=29456040&charge=0
Dichlorodifluoromethane,C(F)(F)(Cl)Cl,Organique,5,16.5227,16.1883,0.3344,2.024,ATcT_0K,A,75-71-8,0.0046,ok_<1%,-0.47,0K,ok_consensus,-0.47,🟢🟢 0.5%,https://cccbdb.nist.gov/exp2x.asp?casno=75718&charge=0
2_Methylallyl,CC(=C)[CH2],Organique,11,43.551,44.501,0.95,2.181,ATcT_0K,A,,,n/a,,,n/a,,⚪ A,https://webbook.nist.gov/cgi/cbook.cgi?Name=2_Methylallyl&Mask=1&Units=SI
HOSO2,OS(=O)=O,Inorganique,6,20.871,21.4936,0.6226,2.983,JANAF,B,,,n/a,,,n/a,,⚪ B,https://webbook.nist.gov/cgi/cbook.cgi?Name=HOSO2&Mask=1&Units=SI
MgH,[Mg][H],Inorganique,2,1.28,1.2752,0.0048,0.376,HH,B,,,n/a,,,n/a,,⚪ B,https://webbook.nist.gov/cgi/cbook.cgi?Name=MgH&Mask=400&Units=SI
Iodotrifluoromethane,C(F)(F)(F)I,Organique,5,16.9281,16.5576,0.3705,2.189,ATcT_0K,A,2314-97-8,0.0047,n/a,,,ok_one_source,1.15,🟢 1.2%,https://cccbdb.nist.gov/exp2x.asp?casno=2314978&charge=0
3-methylpyridine,CC1=CN=CC=C1,Organique,14,64.179,65.5354,1.3564,2.113,NIST,B,108-99-6,,n/a,,,n/a,,⚪ B,https://cccbdb.nist.gov/exp2x.asp?casno=108996&charge=0
SO,O=S,Inorganique,2,5.343,5.2237,0.1193,2.234,ATcT_0K,A,2243010-16-2,0.022801471731357208,n/a,,,n/a,,⚪ A,https://cccbdb.nist.gov/exp2x.asp?casno=2243010162&charge=0
PFCl2,ClP(Cl)F,Inorganique,4,11.188,11.4465,0.2585,2.31,JANAF,B,15597-63-4,,n/a,,,single_fail,6.57,🟠 6.6%,https://cccbdb.nist.gov/exp2x.asp?casno=15597634&charge=0
triethylborane,CCB(CC)CC,Organique,22,86.331,84.4058,1.9252,2.23,NIST,B,97-94-9,,n/a,,,n/a,,⚪ B,https://cccbdb.nist.gov/exp2x.asp?casno=97949&charge=0
Isocyanobenzene,[C-]#[N+]C1=CC=CC=C1,Organique,13,64.3577,65.6803,1.3226,2.055,ATcT_0K,A,931-54-4,0.0176,n/a,,,n/a,,⚪ A,https://cccbdb.nist.gov/exp2x.asp?casno=931544&charge=0
F2,FF,Inorganique,2,1.602,1.5661,0.0359,2.244,ATcT,A,7782-41-4,,ok_<1%,-0.04,0K,one_source_fail,-0.04,🟡 0.0%,https://cccbdb.nist.gov/exp2x.asp?casno=7782414&charge=0
Allyl,C=C[CH2],Organique,8,31.4505,32.1577,0.7072,2.249,ATcT_0K,A,1981-80-2,0.0034,warn_1-2%,1.14,298K,ok_consensus,1.14,🟢🟢 1.1%,https://cccbdb.nist.gov/exp2x.asp?casno=1981802&charge=0
Tetrafluoroethylene,C(=C(F)F)(F)F,Organique,6,24.9024,24.3444,0.558,2.241,ATcT_0K,A,116-14-3,0.0051,ok_<1%,0.32,298K,ok_consensus,0.28,🟢🟢 0.3%,https://cccbdb.nist.gov/exp2x.asp?casno=116143&charge=0
4-aminopyridine,Nc1ccncc1,Organique,13,59.148,60.4719,1.3239,2.238,NIST,B,504-24-5,,n/a,,,n/a,,⚪ B,https://cccbdb.nist.gov/exp2x.asp?casno=504245&charge=0
CFC12,FC(F)(Cl)Cl,Organique,5,16.54,16.1883,0.3517,2.127,NIST,B,75-71-8,,ok_<1%,0.51,298K,ok_consensus,0.51,🟢🟢 0.5%,https://cccbdb.nist.gov/exp2x.asp?casno=75718&charge=0
thymine,CC1=CNC(=O)NC1=O,Organique,15,69.066,67.0741,1.9919,2.884,NIST,B,65-71-4,,n/a,,,ok_one_source,0.14,🟢 0.1%,https://cccbdb.nist.gov/exp2x.asp?casno=65714&charge=0
"1,4-pentadiene",C=CCC=C,Organique,13,54.127,55.3709,1.2439,2.298,NIST,B,591-93-5,,ok_<1%,-0.01,298K,ok_one_source,-0.01,🟢 0.0%,https://cccbdb.nist.gov/exp2x.asp?casno=591935&charge=0
n_Propyl,CC[CH2],Organique,10,36.5658,37.4062,0.8404,2.298,ATcT_0K,A,,,n/a,,,n/a,,⚪ A,https://webbook.nist.gov/cgi/cbook.cgi?Name=n_Propyl&Mask=1&Units=SI
oxazole,c1cocn1,Organique,8,36.704,37.8569,1.1529,3.141,NIST,B,288-42-6,,n/a,,,ok_one_source,-0.0,🟢 0.0%,https://cccbdb.nist.gov/exp2x.asp?casno=288426&charge=0
glyoxal,O=CC=O,Organique,6,26.74,27.3651,0.6251,2.338,NIST,B,107-22-2,,ok_<1%,-0.01,298K,ok_consensus,-0.01,🟢🟢 0.0%,https://cccbdb.nist.gov/exp2x.asp?casno=107222&charge=0
lactic_acid,CC(C(=O)O)O,Organique,12,49.635,48.4702,1.1648,2.347,NIST,B,50-21-5,,n/a,,,ok_one_source,0.56,🟢 0.6%,https://cccbdb.nist.gov/exp2x.asp?casno=50215&charge=0
Iodobenzene,C1=CC=C(C=C1)I,Organique,12,54.6916,55.9756,1.284,2.348,ATcT_0K,A,591-50-4,0.0103,n/a,,,ok_one_source,1.36,🟢 1.4%,https://cccbdb.nist.gov/exp2x.asp?casno=591504&charge=0
diethanolamine,OCCNCCO,Organique,18,69.718,67.8677,1.8503,2.654,NIST,B,111-42-2,,n/a,,,n/a,,⚪ B,https://cccbdb.nist.gov/exp2x.asp?casno=111422&charge=0
N-methylimidazole,Cn1ccnc1,Organique,12,54.134,53.7449,0.3891,0.719,NIST,B,616-47-7,,n/a,,,n/a,,⚪ B,https://cccbdb.nist.gov/exp2x.asp?casno=616477&charge=0
urea,NC(N)=O,Organique,8,31.97,30.6569,1.3131,4.107,NIST,B,57-13-6,,fail_>2%,-2.08,298K,conflict,-2.08,🔴 2.1%,https://cccbdb.nist.gov/exp2x.asp?casno=57136&charge=0
Difluorochlorobromomethane,C(F)(F)(Cl)Br,Organique,5,15.8196,15.4606,0.359,2.269,ATcT_0K,A,353-59-3,0.0508,n/a,,,ok_one_source,1.6,🟢 1.6%,https://cccbdb.nist.gov/exp2x.asp?casno=353593&charge=0
CCl4mol,ClC(Cl)(Cl)Cl,Organique,5,13.01,13.3558,0.3458,2.658,NIST,B,56-23-5,0.004249365186298388,fail_>2%,2.21,0K,single_fail,2.21,🟠 2.2%,https://cccbdb.nist.gov/exp2x.asp?casno=56235&charge=0
iso_Butyl,CC(C)[CH2],Organique,13,48.6367,49.7994,1.1627,2.391,ATcT_0K,A,,,n/a,,,n/a,,⚪ A,https://webbook.nist.gov/cgi/cbook.cgi?Name=iso_Butyl&Mask=1&Units=SI
n_Butyl,CCC[CH2],Organique,13,48.5768,49.7428,1.166,2.4,ATcT_0K,A,,,n/a,,,n/a,,⚪ A,https://webbook.nist.gov/cgi/cbook.cgi?Name=n_Butyl&Mask=1&Units=SI
imidazole,C1=CN=CN1,Organique,9,39.742,40.3943,0.6523,1.641,NIST,B,288-32-4,,ok_<1%,-0.0,298K,ok_consensus,-0.0,🟢🟢 0.0%,https://cccbdb.nist.gov/exp2x.asp?casno=288324&charge=0
EG,OCCO,Organique,10,37.64,36.7276,0.9124,2.424,NIST,B,107-21-1,,ok_<1%,-0.12,298K,one_source_fail,-0.12,🟡 0.1%,https://cccbdb.nist.gov/exp2x.asp?casno=107211&charge=0
135hextr,C=CC=CC=C,Organique,14,60.93,62.4099,1.4799,2.429,NIST,B,2235-12-3,,n/a,,,n/a,,⚪ B,https://cccbdb.nist.gov/exp2x.asp?casno=2235123&charge=0
AlF,[Al]F,Inorganique,2,6.88,6.7912,0.0888,1.291,JANAF,B,13595-82-9,,ok_<1%,0.96,0K,ok_consensus,0.96,🟢🟢 1.0%,https://cccbdb.nist.gov/exp2x.asp?casno=13595829&charge=0
Hypobromous_acid,OBr,Inorganique,3,6.4892,6.6806,0.1914,2.95,ATcT_0K,A,13517-11-8,,ok_<1%,0.38,0K,ok_consensus,0.38,🟢🟢 0.4%,https://cccbdb.nist.gov/exp2x.asp?casno=13517118&charge=0
Hydrazino,N[NH],Inorganique,5,14.0383,14.075,0.0367,0.261,ATcT_0K,A,13598-46-4,0.0072,n/a,,,ok_one_source,1.21,🟢 1.2%,https://cccbdb.nist.gov/exp2x.asp?casno=13598464&charge=0
CH3Cl,CCl,Organique,5,16.31,15.9196,0.3904,2.394,NIST,B,74-87-3,0.001658288853189615,ok_<1%,0.01,298K,ok_consensus,0.01,🟢🟢 0.0%,https://cccbdb.nist.gov/exp2x.asp?casno=74873&charge=0
methyl_cyanoacetate,COC(=O)CC#N,Organique,12,53.612,52.1728,1.4392,2.684,NIST,B,105-34-0,,n/a,,,n/a,,⚪ B,https://cccbdb.nist.gov/exp2x.asp?casno=105340&charge=0
ZnCl,[Zn]Cl,d-block,2,2.29,0.9917,1.2983,56.693,CRC,B,,,n/a,,,n/a,,⚪ B,https://webbook.nist.gov/cgi/cbook.cgi?Name=ZnCl&Mask=400&Units=SI
KBr,[K]Br,Inorganique,2,3.93,4.0865,0.1565,3.983,JANAF,B,7758-02-3,,ok_<1%,0.47,298K,ok_one_source,0.47,🟢 0.5%,https://cccbdb.nist.gov/exp2x.asp?casno=7758023&charge=0
Cl2O,ClOCl,Inorganique,3,4.265,4.4364,0.1714,4.019,NIST,B,7791-21-1,,ok_<1%,-0.18,298K,ok_consensus,-0.18,🟢🟢 0.2%,https://cccbdb.nist.gov/exp2x.asp?casno=7791211&charge=0
NH2OH,NO,Inorganique,5,14.706,14.8105,0.1045,0.711,NIST,B,7803-49-8,,ok_<1%,0.49,298K,ok_consensus,0.49,🟢🟢 0.5%,https://cccbdb.nist.gov/exp2x.asp?casno=7803498&charge=0
IBr,BrI,Inorganique,2,1.843,1.7965,0.0465,2.522,JANAF,B,7789-33-5,,ok_<1%,0.0,298K,ok_consensus,0.0,🟢🟢 0.0%,https://cccbdb.nist.gov/exp2x.asp?casno=7789335&charge=0
3-aminopyridine,Nc1cccnc1,Organique,13,58.999,60.4721,1.4731,2.497,NIST,B,462-08-8,,n/a,,,n/a,,⚪ B,https://cccbdb.nist.gov/exp2x.asp?casno=462088&charge=0
vinylOH,OC=C,Organique,7,27.76,28.4661,0.7061,2.544,NIST,B,557-75-5,,ok_<1%,0.15,298K,ok_consensus,0.03,🟢🟢 0.0%,https://cccbdb.nist.gov/exp2x.asp?casno=557755&charge=0
AgH,[Ag][H],d-block,2,2.29,2.334,0.044,1.923,HH,B,13967-01-6,,n/a,,,n/a,,⚪ B,https://cccbdb.nist.gov/exp2x.asp?casno=13967016&charge=0
NiCl2,Cl[Ni]Cl,d-block,3,7.74,10.4735,2.7335,35.317,JANAF,B,7718-54-9,,n/a,,,n/a,,⚪ B,https://cccbdb.nist.gov/exp2x.asp?casno=7718549&charge=0
CuF,[Cu]F,d-block,2,4.42,4.3932,0.0268,0.605,HH,B,13478-41-6,,ok_<1%,0.67,298K,ok_consensus,0.67,🟢🟢 0.7%,https://cccbdb.nist.gov/exp2x.asp?casno=13478416&charge=0
CaCl,[Ca]Cl,Inorganique,2,4.13,4.2478,0.1178,2.853,HH,B,,,n/a,,,n/a,,⚪ B,https://webbook.nist.gov/cgi/cbook.cgi?Name=CaCl&Mask=400&Units=SI
Ac2O,CC(=O)OC(=O)C,Organique,13,56.99,55.496,1.494,2.622,NIST,B,108-24-7,,n/a,,,n/a,,⚪ B,https://cccbdb.nist.gov/exp2x.asp?casno=108247&charge=0
BF2Cl,FB(F)Cl,Inorganique,4,17.071,17.5207,0.4497,2.634,JANAF,B,14720-30-0,,fail_>2%,5.06,298K,conflict,5.06,🔴 5.1%,https://cccbdb.nist.gov/exp2x.asp?casno=14720300&charge=0
S2F10,FS(F)(F)(F)(F)S(F)(F)(F)(F)F,Inorganique,12,35.375,34.45,0.925,2.615,Gurvich,B,5714-22-7,,fail_>2%,-4.75,298K,one_source_fail,-0.02,🟡 0.0%,https://cccbdb.nist.gov/exp2x.asp?casno=5714227&charge=0
Dibromophosgene,C(=O)(Br)Br,Organique,4,13.2659,12.9157,0.3502,2.64,ATcT_0K,A,593-95-3,0.0038,n/a,,,single_fail,2.42,🟠 2.4%,https://cccbdb.nist.gov/exp2x.asp?casno=593953&charge=0
SiHCl3,Cl[SiH](Cl)Cl,Inorganique,5,15.838,16.2962,0.4582,2.893,NIST,B,10025-78-2,,ok_<1%,-0.0,298K,one_source_fail,-0.0,🟡 0.0%,https://cccbdb.nist.gov/exp2x.asp?casno=10025782&charge=0
nitrobenzene,[O-][N+](=O)c1ccccc1,Organique,14,65.229,67.3181,2.0891,3.203,NIST,B,98-95-3,0.0145,ok_<1%,0.03,298K,ok_consensus,-0.02,🟢🟢 0.0%,https://cccbdb.nist.gov/exp2x.asp?casno=98953&charge=0
Tetrabromomethane,C(Br)(Br)(Br)Br,Organique,5,10.5299,10.8181,0.2882,2.737,ATcT_0K,A,558-13-4,0.0114,warn_1-2%,1.67,0K,one_source_fail,1.67,🟡 1.7%,https://cccbdb.nist.gov/exp2x.asp?casno=558134&charge=0
CrO3,O=[Cr](=O)=O,d-block,4,14.9,14.6007,0.2993,2.009,JANAF,B,1333-82-0,,n/a,,,ok_one_source,1.99,🟢 2.0%,https://cccbdb.nist.gov/exp2x.asp?casno=1333820&charge=0
"1,1,2-trifluoroethane",FCC(F)F,Organique,8,30.979,31.8276,0.8486,2.739,NIST,B,430-66-0,,ok_<1%,0.92,298K,ok_one_source,0.92,🟢 0.9%,https://cccbdb.nist.gov/exp2x.asp?casno=430660&charge=0
DMC,COC(=O)OC,Organique,12,49.33,47.9721,1.3579,2.753,NIST,B,616-38-6,,n/a,,,ok_one_source,0.58,🟢 0.6%,https://cccbdb.nist.gov/exp2x.asp?casno=616386&charge=0
pyrrole,c1cc[nH]c1,Organique,10,44.59,41.7065,2.8835,6.467,NIST,B,109-97-7,,ok_<1%,0.44,298K,ok_consensus,0.44,🟢🟢 0.4%,https://cccbdb.nist.gov/exp2x.asp?casno=109977&charge=0
MnOH,O[Mn],d-block,3,8.58,8.4305,0.1495,1.742,Gurvich,B,,,n/a,,,n/a,,⚪ B,https://webbook.nist.gov/cgi/cbook.cgi?Name=MnOH&Mask=1&Units=SI
OF,[O]F,Inorganique,2,2.24,2.2151,0.0249,1.113,HH,B,,,n/a,,,n/a,,⚪ B,https://webbook.nist.gov/cgi/cbook.cgi?Name=OF&Mask=400&Units=SI
methyl_acetate,CC(=O)OC,Organique,11,45.289,44.0225,1.2665,2.797,NIST,B,79-20-9,,ok_<1%,-0.1,298K,ok_consensus,-0.1,🟢🟢 0.1%,https://cccbdb.nist.gov/exp2x.asp?casno=79209&charge=0
MeOCHO,COC=O,Organique,8,32.74,31.8151,0.9249,2.825,NIST,B,107-31-3,,ok_<1%,-0.09,298K,ok_consensus,-0.09,🟢🟢 0.1%,https://cccbdb.nist.gov/exp2x.asp?casno=107313&charge=0
MgF,[Mg]F,Inorganique,2,4.59,4.7666,0.1766,3.847,HH,B,,,n/a,,,n/a,,⚪ B,https://webbook.nist.gov/cgi/cbook.cgi?Name=MgF&Mask=400&Units=SI
LiO,[Li][O],Inorganique,2,3.44,3.5647,0.1247,3.624,HH,B,,,n/a,,,n/a,,⚪ B,https://webbook.nist.gov/cgi/cbook.cgi?Name=LiO&Mask=400&Units=SI
trifluoroacetic_acid,OC(=O)C(F)(F)F,Organique,8,35.837,34.8163,1.0207,2.848,NIST,B,76-05-1,,warn_1-2%,-1.5,298K,ok_one_source,-1.5,🟢 1.5%,https://cccbdb.nist.gov/exp2x.asp?casno=76051&charge=0
norbornene,C1CC2CC1C=C2,Organique,17,73.735,75.8521,2.1171,2.871,NIST,B,498-66-8,,n/a,,,ok_one_source,0.04,🟢 0.0%,https://cccbdb.nist.gov/exp2x.asp?casno=498668&charge=0
SiF3Br,F[Si](F)(F)Br,Inorganique,5,19.305,19.8869,0.5819,3.014,Gurvich,B,14049-39-9,,n/a,,,n/a,,⚪ B,https://cccbdb.nist.gov/exp2x.asp?casno=14049399&charge=0
BeCl,[Be]Cl,Inorganique,2,3.85,3.9632,0.1132,2.941,JANAF,B,,,n/a,,,n/a,,⚪ B,https://webbook.nist.gov/cgi/cbook.cgi?Name=BeCl&Mask=400&Units=SI
Vinyl_bromide,C=CBr,Organique,6,21.7036,22.3324,0.6288,2.897,ATcT_0K,A,593-60-2,,warn_1-2%,1.24,298K,ok_consensus,1.24,🟢🟢 1.2%,https://cccbdb.nist.gov/exp2x.asp?casno=593602&charge=0
PH3,P,Inorganique,4,9.89,9.8623,0.0277,0.28,ATcT,A,7803-51-2,,ok_<1%,-0.32,0K,ok_consensus,-0.32,🟢🟢 0.3%,https://cccbdb.nist.gov/exp2x.asp?casno=7803512&charge=0
BF3,FB(F)F,Inorganique,4,20.01,19.43,0.58,2.899,ATcT,A,7637-07-2,,ok_<1%,-0.3,0K,ok_consensus,-0.3,🟢🟢 0.3%,https://cccbdb.nist.gov/exp2x.asp?casno=7637072&charge=0
benzothiophene,c1ccc2sccc2c1,Organique,15,76.391,74.2304,2.1606,2.828,NIST,B,95-15-8,,n/a,,,single_fail,-2.95,🟠 3.0%,https://cccbdb.nist.gov/exp2x.asp?casno=95158&charge=0
Pentachloroethane,C(C(Cl)(Cl)Cl)(Cl)Cl,Organique,8,24.7442,25.5035,0.7593,3.069,ATcT_0K,A,76-01-7,0.0197,warn_1-2%,1.1,298K,ok_consensus,1.1,🟢🟢 1.1%,https://cccbdb.nist.gov/exp2x.asp?casno=76017&charge=0
Al2,[Al]=[Al],Inorganique,2,1.55,1.5047,0.0453,2.92,HH,B,32752-94-6,,fail_>2%,-13.94,0K,conflict,6.12,🔴 6.1%,https://cccbdb.nist.gov/exp2x.asp?casno=32752946&charge=0
CF4,FC(F)(F)F,Organique,5,20.2,20.8777,0.6777,3.355,ATcT,A,75-73-0,0.002383790226460072,ok_<1%,-0.08,0K,ok_consensus,-0.08,🟢🟢 0.1%,https://cccbdb.nist.gov/exp2x.asp?casno=75730&charge=0
NaOH,[Na]O,Inorganique,3,8.006,8.2462,0.2402,3.0,JANAF,B,1310-73-2,,ok_<1%,-0.88,298K,ok_consensus,-0.88,🟢🟢 0.9%,https://cccbdb.nist.gov/exp2x.asp?casno=1310732&charge=0
uracil,O=C1NC=CC(=O)N1,Organique,12,56.854,54.7642,2.0898,3.676,NIST,B,66-22-8,,n/a,,,n/a,,⚪ B,https://cccbdb.nist.gov/exp2x.asp?casno=66228&charge=0
Sulfuric_acid,OS(=O)(=O)O,Inorganique,7,24.9695,25.7086,0.7391,2.96,ATcT_0K,A,7664-93-9,,ok_<1%,0.17,0K,ok_consensus,0.17,🟢🟢 0.2%,https://cccbdb.nist.gov/exp2x.asp?casno=7664939&charge=0
CH3Br,CBr,Organique,5,15.69,15.2253,0.4647,2.962,NIST,B,74-83-9,0.001658288853189615,n/a,,,ok_one_source,0.34,🟢 0.3%,https://cccbdb.nist.gov/exp2x.asp?casno=74839&charge=0
propylene_carbonate,CC1COC(=O)O1,Organique,13,57.371,55.6502,1.7208,2.999,NIST,B,108-32-7,,n/a,,,n/a,,⚪ B,https://cccbdb.nist.gov/exp2x.asp?casno=108327&charge=0
S2Cl2,ClSSCl,Inorganique,4,8.46,8.2984,0.1616,1.911,NIST,B,10025-67-9,,ok_<1%,-0.32,298K,ok_consensus,-0.32,🟢🟢 0.3%,https://cccbdb.nist.gov/exp2x.asp?casno=10025679&charge=0
HNO,N=O,Inorganique,3,8.57,8.3128,0.2572,3.001,ATcT,A,14332-28-6,,ok_<1%,-0.41,0K,ok_consensus,-0.41,🟢🟢 0.4%,https://cccbdb.nist.gov/exp2x.asp?casno=14332286&charge=0
triethyl_phosphate,CCOP(=O)(OCC)OCC,Organique,26,103.656,100.5403,3.1157,3.006,NIST,B,78-40-0,,n/a,,,n/a,,⚪ B,https://cccbdb.nist.gov/exp2x.asp?casno=78400&charge=0
FeO,[Fe]=O,d-block,2,4.17,4.318,0.148,3.549,CRC,B,17125-56-3,,n/a,,,n/a,,⚪ B,https://cccbdb.nist.gov/exp2x.asp?casno=17125563&charge=0
1_3_Cycloheptadiene,C1CC=CC=CC1,Organique,17,72.7223,74.9482,2.2259,3.061,ATcT_0K,A,4054-38-0,,n/a,,,n/a,,⚪ A,https://cccbdb.nist.gov/exp2x.asp?casno=4054380&charge=0
Fulminic_acid,[C-]#[N+]O,Organique,4,15.2783,15.429,0.1507,0.986,ATcT_0K,A,51060-05-0,,n/a,,,single_fail,-3.44,🟠 3.4%,https://cccbdb.nist.gov/exp2x.asp?casno=51060050&charge=0
AlCl3,Cl[Al](Cl)Cl,Inorganique,4,13.16,12.7485,0.4115,3.127,CCCBDB,B,7446-70-0,,ok_<1%,-0.06,0K,ok_consensus,-0.06,🟢🟢 0.1%,https://cccbdb.nist.gov/exp2x.asp?casno=7446700&charge=0
divinyl_ether,C=COC=C,Organique,11,46.194,47.6367,1.4427,3.123,NIST,B,109-93-3,,ok_<1%,-0.46,298K,ok_one_source,-0.46,🟢 0.5%,https://cccbdb.nist.gov/exp2x.asp?casno=109933&charge=0
VOF3,F[V](=O)(F)F,d-block,5,22.558,21.8482,0.7098,3.146,JANAF,B,,,n/a,,,n/a,,⚪ B,https://webbook.nist.gov/cgi/cbook.cgi?Name=VOF3&Mask=1&Units=SI
MgBr2,Br[Mg]Br,Inorganique,3,7.455,7.2488,0.2062,2.766,JANAF,B,7789-48-2,,n/a,,,single_fail,-5.8,🟠 5.8%,https://cccbdb.nist.gov/exp2x.asp?casno=7789482&charge=0
MeSiH3,[SiH3]C,Organique,8,25.96,25.1407,0.8193,3.156,NIST,B,992-94-9,,ok_<1%,-0.04,298K,one_source_fail,-0.04,🟡 0.0%,https://cccbdb.nist.gov/exp2x.asp?casno=992949&charge=0
3-nitrotoluene,CC1=CC(=CC=C1)[N+](=O)[O-],Organique,17,77.613,79.6498,2.0368,2.624,NIST,B,99-08-1,,n/a,,,n/a,,⚪ B,https://cccbdb.nist.gov/exp2x.asp?casno=99081&charge=0
Biallenyl,C=C=CC=C=C,Organique,12,53.3265,55.0297,1.7032,3.194,ATcT_0K,A,29776-96-3,0.0238,n/a,,,ok_one_source,1.03,🟢 1.0%,https://cccbdb.nist.gov/exp2x.asp?casno=29776963&charge=0
VOCl3,Cl[V](=O)(Cl)Cl,d-block,5,19.301,19.3712,0.0702,0.364,JANAF,B,,,n/a,,,n/a,,⚪ B,https://webbook.nist.gov/cgi/cbook.cgi?Name=VOCl3&Mask=1&Units=SI
glycine,NCC(=O)O,Organique,10,40.55,38.9776,1.5724,3.878,NIST,B,56-40-6,,ok_<1%,-0.7,298K,ok_one_source,-0.7,🟢 0.7%,https://cccbdb.nist.gov/exp2x.asp?casno=56406&charge=0
Methyl_hypochlorite,COCl,Organique,6,18.4388,19.0319,0.5931,3.217,ATcT_0K,A,593-78-2,,n/a,,,n/a,,⚪ A,https://cccbdb.nist.gov/exp2x.asp?casno=593782&charge=0
vinyl_fluoride,C=CF,Organique,6,23.895,24.6647,0.7697,3.221,NIST,B,75-02-5,,ok_<1%,0.06,298K,ok_consensus,0.06,🟢🟢 0.1%,https://cccbdb.nist.gov/exp2x.asp?casno=75025&charge=0
Tetrachloroethene,C(=C(Cl)Cl)(Cl)Cl,Organique,6,19.9188,19.3103,0.6085,3.055,ATcT_0K,A,127-18-4,0.0103,ok_<1%,0.14,0K,ok_consensus,0.14,🟢🟢 0.1%,https://cccbdb.nist.gov/exp2x.asp?casno=127184&charge=0
perfluorocyclobutane,FC1(F)C(F)(F)C(F)(F)C1(F)F,Organique,12,52.282,53.9833,1.7013,3.254,NIST,B,115-25-3,,n/a,,,ok_one_source,0.31,🟢 0.3%,https://cccbdb.nist.gov/exp2x.asp?casno=115253&charge=0
Cycloheptatriene,C1C=CC=CC=C1,Organique,15,67.3747,69.5543,2.1796,3.235,ATcT_0K,A,544-25-2,0.0097,n/a,,,ok_one_source,-1.71,🟢 1.7%,https://cccbdb.nist.gov/exp2x.asp?casno=544252&charge=0
4-nitrotoluene,CC1=CC=C(C=C1)[N+](=O)[O-],Organique,17,77.554,79.6506,2.0966,2.703,NIST,B,99-99-0,,n/a,,,ok_one_source,0.0,🟢 0.0%,https://cccbdb.nist.gov/exp2x.asp?casno=99990&charge=0
Trimethylsiloxy,C[Si](C)(C)[O],Organique,14,51.4013,49.7251,1.6762,3.261,ATcT_0K,A,54572-10-0,0.0197,n/a,,,n/a,,⚪ A,https://cccbdb.nist.gov/exp2x.asp?casno=54572100&charge=0
CuBr,Br[Cu],d-block,2,3.36,3.8789,0.5189,15.442,Gurvich,B,7787-70-4,,n/a,,,n/a,,⚪ B,https://cccbdb.nist.gov/exp2x.asp?casno=7787704&charge=0
TiF4,[Ti](F)(F)(F)F,d-block,5,24.27,23.4711,0.7989,3.292,JANAF,B,7783-63-3,,n/a,,,n/a,,⚪ B,https://cccbdb.nist.gov/exp2x.asp?casno=7783633&charge=0
benzofuran,c1ccc2occc2c1,Organique,15,75.676,73.2689,2.4071,3.181,NIST,B,271-89-6,,n/a,,,n/a,,⚪ B,https://cccbdb.nist.gov/exp2x.asp?casno=271896&charge=0
"1,2-difluoroethane",FCCF,Organique,8,30.161,31.1652,1.0042,3.33,NIST,B,624-72-6,,n/a,,,ok_one_source,-0.87,🟢 0.9%,https://cccbdb.nist.gov/exp2x.asp?casno=624726&charge=0
Vinyl_iodide,C=CI,Organique,6,21.1231,21.8258,0.7027,3.327,ATcT_0K,A,593-66-8,,ok_<1%,-0.03,0K,ok_consensus,-0.03,🟢🟢 0.0%,https://cccbdb.nist.gov/exp2x.asp?casno=593668&charge=0
malonic_acid,C(C(=O)O)C(=O)O,Organique,11,49.329,47.6614,1.6676,3.381,NIST,B,141-82-2,,n/a,,,n/a,,⚪ B,https://cccbdb.nist.gov/exp2x.asp?casno=141822&charge=0
Oxaziridine,C1NO1,Organique,6,20.3288,20.8109,0.4821,2.372,ATcT_0K,A,6827-26-5,0.0218,n/a,,,n/a,,⚪ A,https://cccbdb.nist.gov/exp2x.asp?casno=6827265&charge=0
1_5_Hexadiene,C=CCCC=C,Organique,16,65.5048,67.7264,2.2216,3.392,ATcT_0K,A,592-42-7,,warn_1-2%,1.18,298K,ok_one_source,1.18,🟢 1.2%,https://cccbdb.nist.gov/exp2x.asp?casno=592427&charge=0
MgI,[Mg]I,Inorganique,2,2.32,2.3983,0.0783,3.376,Gurvich,B,,,n/a,,,n/a,,⚪ B,https://webbook.nist.gov/cgi/cbook.cgi?Name=MgI&Mask=400&Units=SI
nitromethane,C[N+](=O)[O-],Organique,7,25.32,24.2257,1.0943,4.322,NIST,B,75-52-5,0.0044,warn_1-2%,-1.22,298K,one_source_fail,-1.22,🟡 1.2%,https://cccbdb.nist.gov/exp2x.asp?casno=75525&charge=0
SOCl2,ClS(Cl)=O,Inorganique,4,10.172,10.6118,0.4398,4.323,NIST,B,7719-09-7,,n/a,,,n/a,,⚪ B,https://cccbdb.nist.gov/exp2x.asp?casno=7719097&charge=0
maleic_anhydride,O=C1OC(=O)C=C1,Organique,9,46.29,44.7066,1.5834,3.421,NIST,B,108-31-6,,n/a,,,n/a,,⚪ B,https://cccbdb.nist.gov/exp2x.asp?casno=108316&charge=0
succinic_acid,C(CC(=O)O)C(=O)O,Organique,14,62.119,59.9741,2.1449,3.453,NIST,B,110-15-6,,n/a,,,ok_one_source,-0.07,🟢 0.1%,https://cccbdb.nist.gov/exp2x.asp?casno=110156&charge=0
2-nitrotoluene,CC1=CC=CC=C1[N+](=O)[O-],Organique,17,77.407,79.6554,2.2484,2.905,NIST,B,88-72-2,,n/a,,,ok_one_source,0.15,🟢 0.2%,https://cccbdb.nist.gov/exp2x.asp?casno=88722&charge=0
Na2F2,F[Na].[Na]F,Inorganique,4,9.844,9.5346,0.3094,3.143,JANAF,B,,,n/a,,,n/a,,⚪ B,https://webbook.nist.gov/cgi/cbook.cgi?Name=Na2F2&Mask=1&Units=SI
methyl_isocyanate,CN=C=O,Organique,7,30.069,28.9238,1.1452,3.808,NIST,B,624-83-9,,n/a,,,n/a,,⚪ B,https://cccbdb.nist.gov/exp2x.asp?casno=624839&charge=0
SiH2Cl2,Cl[SiH2]Cl,Inorganique,5,15.019,15.5695,0.5505,3.665,NIST,B,4109-96-0,,ok_<1%,-0.0,298K,ok_one_source,-0.0,🟢 0.0%,https://cccbdb.nist.gov/exp2x.asp?casno=4109960&charge=0
CH2F2,FCF,Organique,5,18.06,18.7887,0.7287,4.035,CCCBDB,B,75-10-5,0.003420220759703581,ok_<1%,-0.01,0K,ok_consensus,-0.01,🟢🟢 0.0%,https://cccbdb.nist.gov/exp2x.asp?casno=75105&charge=0
Phosgene,C(=O)(Cl)Cl,Organique,4,14.6654,14.1651,0.5003,3.412,ATcT_0K,A,75-44-5,0.0025,ok_<1%,0.05,0K,ok_consensus,0.05,🟢🟢 0.0%,https://cccbdb.nist.gov/exp2x.asp?casno=75445&charge=0
3_4_Bis_methylene_cyclobutene,C=C1C=CC1=C,Organique,12,53.9888,55.9239,1.9351,3.584,ATcT_0K,A,71-43-2,0.0021765041198113697,fail_>2%,4.87,0K,single_fail,4.87,🟠 4.9%,https://cccbdb.nist.gov/exp2x.asp?casno=71432&charge=0
SO2mol,O=S=O,Inorganique,3,11.03,10.6317,0.3983,3.611,ATcT,A,7446-09-5,,ok_<1%,-0.12,0K,ok_consensus,-0.12,🟢🟢 0.1%,https://cccbdb.nist.gov/exp2x.asp?casno=7446095&charge=0
Peroxyhypochlorous_acid,OOCl,Inorganique,4,8.5544,8.8657,0.3113,3.639,ATcT_0K,A,67952-07-2,,n/a,,,n/a,,⚪ A,https://cccbdb.nist.gov/exp2x.asp?casno=67952072&charge=0
CH2I2,C(I)I,Organique,5,12.941,13.4082,0.4672,3.61,NIST,B,75-11-6,,ok_<1%,-0.02,298K,ok_one_source,-0.02,🟢 0.0%,https://cccbdb.nist.gov/exp2x.asp?casno=75116&charge=0
succinonitrile,C(CC#N)C#N,Organique,10,47.099,45.1843,1.9147,4.065,NIST,B,110-61-2,,warn_1-2%,-1.54,298K,ok_consensus,-1.07,🟢🟢 1.1%,https://cccbdb.nist.gov/exp2x.asp?casno=110612&charge=0
carbonyl_sulfide,C(=O)=S,Organique,3,14.318,13.7846,0.5334,3.725,NIST,B,463-58-1,,ok_<1%,0.23,298K,ok_consensus,0.23,🟢🟢 0.2%,https://cccbdb.nist.gov/exp2x.asp?casno=463581&charge=0
Methoxymethyl,CO[CH2],Organique,8,28.3632,29.4029,1.0397,3.666,ATcT_0K,A,16520-04-0,0.0094,n/a,,,ok_one_source,1.5,🟢 1.5%,https://cccbdb.nist.gov/exp2x.asp?casno=16520040&charge=0
Tetrafluoromethane,C(F)(F)(F)F,Organique,5,20.1929,20.9411,0.7482,3.705,ATcT_0K,A,75-73-0,0.0024,n/a,,,ok_one_source,0.98,🟢 1.0%,https://cccbdb.nist.gov/exp2x.asp?casno=75730&charge=0
1_3_Butadien_2_ol,C=CC(=C)O,Organique,11,45.8781,47.5689,1.6908,3.685,ATcT_0K,A,59120-04-6,,n/a,,,ok_one_source,1.48,🟢 1.5%,https://cccbdb.nist.gov/exp2x.asp?casno=59120046&charge=0
11DFE,C=C(F)F,Organique,6,24.5,25.4072,0.9072,3.703,NIST,B,75-38-7,,ok_<1%,0.03,298K,ok_consensus,0.03,🟢🟢 0.0%,https://cccbdb.nist.gov/exp2x.asp?casno=75387&charge=0
CoF2,F[Co]F,d-block,3,9.737,14.1022,4.3652,44.831,JANAF,B,10026-17-2,,n/a,,,n/a,,⚪ B,https://cccbdb.nist.gov/exp2x.asp?casno=10026172&charge=0
SiH3Br,[SiH3]Br,Inorganique,5,13.323,13.8497,0.5267,3.953,JANAF,B,,,n/a,,,n/a,,⚪ B,https://webbook.nist.gov/cgi/cbook.cgi?Name=SiH3Br&Mask=1&Units=SI
Chlorotrifluoromethane,C(F)(F)(F)Cl,Organique,5,18.3162,17.6467,0.6695,3.655,ATcT_0K,A,75-72-9,0.0058,ok_<1%,-0.11,0K,ok_consensus,-0.11,🟢🟢 0.1%,https://cccbdb.nist.gov/exp2x.asp?casno=75729&charge=0
3_Butenyl,[CH2]CC=C,Organique,11,42.8536,44.4696,1.616,3.771,ATcT_0K,A,,,n/a,,,n/a,,⚪ A,https://webbook.nist.gov/cgi/cbook.cgi?Name=3_Butenyl&Mask=1&Units=SI
Bromotrifluoromethane,C(F)(F)(F)Br,Organique,5,17.5556,16.8983,0.6573,3.744,ATcT_0K,A,75-63-8,0.0041,warn_1-2%,1.28,298K,ok_consensus,1.28,🟢🟢 1.3%,https://cccbdb.nist.gov/exp2x.asp?casno=75638&charge=0
CrOF2,F[Cr](=O)F,d-block,4,15.241,15.6993,0.4583,3.007,JANAF,B,,,n/a,,,n/a,,⚪ B,https://webbook.nist.gov/cgi/cbook.cgi?Name=CrOF2&Mask=1&Units=SI
MgCl2,Cl[Mg]Cl,Inorganique,3,8.185,8.2806,0.0956,1.168,JANAF,B,7786-30-3,,ok_<1%,-0.11,298K,ok_consensus,-0.11,🟢🟢 0.1%,https://cccbdb.nist.gov/exp2x.asp?casno=7786303&charge=0
dimethyl_phosphite,COP(=O)OC,Organique,13,49.069,47.1905,1.8785,3.828,NIST,B,,,n/a,,,n/a,,⚪ B,https://webbook.nist.gov/cgi/cbook.cgi?Name=dimethyl_phosphite&Mask=1&Units=SI
SF2,FSF,Inorganique,3,7.47,7.3044,0.1656,2.217,JANAF,B,13814-25-0,,ok_<1%,-0.04,0K,ok_consensus,-0.04,🟢🟢 0.0%,https://cccbdb.nist.gov/exp2x.asp?casno=13814250&charge=0
Sulfurous_acid,OS(=O)O,Inorganique,6,20.1548,19.3777,0.7771,3.856,ATcT_0K,A,7782-99-2,,n/a,,,n/a,,⚪ A,https://cccbdb.nist.gov/exp2x.asp?casno=7782992&charge=0
nitrobenzene,C1=CC=C(C=C1)[N+](=O)[O-],Organique,14,65.229,67.3181,2.0891,3.203,NIST,B,98-95-3,0.0145,ok_<1%,0.03,298K,ok_consensus,-0.02,🟢🟢 0.0%,https://cccbdb.nist.gov/exp2x.asp?casno=98953&charge=0
N2O,[N-]=[N+]=O,Inorganique,3,11.44,11.8863,0.4463,3.901,CCCBDB,B,10024-97-2,,ok_<1%,-0.07,0K,ok_consensus,-0.07,🟢🟢 0.1%,https://cccbdb.nist.gov/exp2x.asp?casno=10024972&charge=0
CBr2F2,FC(F)(Br)Br,Organique,5,15.393,14.7942,0.5988,3.89,NIST,B,75-61-6,,n/a,,,ok_one_source,-0.1,🟢 0.1%,https://cccbdb.nist.gov/exp2x.asp?casno=75616&charge=0
nitrosobenzene,O=NC1=CC=CC=C1,Organique,13,61.169,63.3692,2.7453,4.528,NIST,B,586-96-9,0.0124,ok_<1%,0.15,298K,ok_consensus,0.15,🟢🟢 0.2%,https://cccbdb.nist.gov/exp2x.asp?casno=586969&charge=0
Divinylacetylene,C=CC#CC=C,Organique,12,53.9183,56.0415,2.1232,3.938,ATcT_0K,A,821-08-9,0.0269,n/a,,,n/a,,⚪ A,https://cccbdb.nist.gov/exp2x.asp?casno=821089&charge=0
ScBr2,Br[Sc]Br,d-block,3,9.862,13.1006,3.2386,32.839,Gurvich,B,,,n/a,,,n/a,,⚪ B,https://webbook.nist.gov/cgi/cbook.cgi?Name=ScBr2&Mask=1&Units=SI
Fulvene,C=C1C=CC=C1,Organique,12,55.2688,57.4568,2.188,3.959,ATcT_0K,A,497-20-1,0.0114,ok_<1%,0.96,298K,ok_consensus,0.96,🟢🟢 1.0%,https://cccbdb.nist.gov/exp2x.asp?casno=497201&charge=0
MnF,[Mn]F,d-block,2,4.28,5.8459,1.5659,36.587,CRC,B,,,n/a,,,n/a,,⚪ B,https://webbook.nist.gov/cgi/cbook.cgi?Name=MnF&Mask=400&Units=SI
Carbon_suboxide,C(=C=O)=C=O,Organique,5,28.2157,27.0873,1.1284,3.999,ATcT_0K,A,504-64-3,,ok_<1%,0.17,0K,ok_one_source,0.17,🟢 0.2%,https://cccbdb.nist.gov/exp2x.asp?casno=504643&charge=0
pyrazine,c1cnccn1,Organique,10,46.516,48.4311,1.9151,4.117,NIST,B,290-37-9,,ok_<1%,-0.0,298K,ok_consensus,-0.0,🟢🟢 0.0%,https://cccbdb.nist.gov/exp2x.asp?casno=290379&charge=0
vinylacetylene,C=CC#C,Organique,8,35.03,36.4359,1.4059,4.013,NIST,B,689-97-4,,warn_1-2%,1.89,298K,ok_one_source,1.89,🟢 1.9%,https://cccbdb.nist.gov/exp2x.asp?casno=689974&charge=0
NCl3,ClN(Cl)Cl,Inorganique,4,6.287,6.425,0.138,2.194,JANAF,B,10025-85-1,,n/a,,,ok_one_source,0.97,🟢 1.0%,https://cccbdb.nist.gov/exp2x.asp?casno=10025851&charge=0
KOH,[K]O,Inorganique,3,8.175,7.8485,0.3265,3.994,JANAF,B,1310-58-3,,n/a,,,n/a,,⚪ B,https://cccbdb.nist.gov/exp2x.asp?casno=1310583&charge=0
N2O4,O=[N+]([O-])[N+](=O)[O-],Inorganique,6,20.013,20.6239,0.6109,3.053,NIST,B,10544-72-6,,ok_<1%,0.0,298K,ok_consensus,0.0,🟢🟢 0.0%,https://cccbdb.nist.gov/exp2x.asp?casno=10544726&charge=0
triethyl_phosphite,CCOP(OCC)OCC,Organique,25,98.358,94.3622,3.9958,4.063,NIST,B,122-52-1,,n/a,,,ok_one_source,-0.51,🟢 0.5%,https://cccbdb.nist.gov/exp2x.asp?casno=122521&charge=0
ZnF,[Zn]F,d-block,2,3.7,1.9805,1.7195,46.472,JANAF,B,,,n/a,,,n/a,,⚪ B,https://webbook.nist.gov/cgi/cbook.cgi?Name=ZnF&Mask=400&Units=SI
propanac,CCC(=O)O,Organique,11,46.3,44.4014,1.8986,4.101,ATcT,A,79-09-4,,n/a,,,ok_one_source,-1.34,🟢 1.3%,https://cccbdb.nist.gov/exp2x.asp?casno=79094&charge=0
tetramethylsilane,C[Si](C)(C)C,Organique,17,63.903,61.2611,2.6419,4.134,NIST,B,75-76-3,0.0207,ok_<1%,-0.07,298K,ok_consensus,-0.07,🟢🟢 0.1%,https://cccbdb.nist.gov/exp2x.asp?casno=75763&charge=0
BCl3,ClB(Cl)Cl,Inorganique,4,13.69,14.2563,0.5663,4.137,CCCBDB,B,10294-34-5,,ok_<1%,-0.0,0K,ok_consensus,-0.0,🟢🟢 0.0%,https://cccbdb.nist.gov/exp2x.asp?casno=10294345&charge=0
beta-propiolactone,O=C1CCO1,Organique,9,39.42,37.7873,1.6327,4.142,NIST,B,57-57-8,,ok_<1%,0.37,298K,ok_one_source,0.37,🟢 0.4%,https://cccbdb.nist.gov/exp2x.asp?casno=57578&charge=0
beta_propiolactone,C1CC(=O)O1,Organique,9,39.409,37.7746,1.6344,4.147,NIST,B,57-57-8,,ok_<1%,0.4,298K,ok_one_source,0.4,🟢 0.4%,https://cccbdb.nist.gov/exp2x.asp?casno=57578&charge=0
ethylene_carbonate,C1COC(=O)O1,Organique,10,45.142,43.2692,1.8728,4.149,NIST,B,96-49-1,,n/a,,,n/a,,⚪ B,https://cccbdb.nist.gov/exp2x.asp?casno=96491&charge=0
Ni(CO)4,[Ni](=C=O)(=C=O)(=C=O)=C=O,d-block,9,50.74,48.6315,2.1085,4.155,NIST,B,,,n/a,,,n/a,,⚪ B,https://webbook.nist.gov/cgi/cbook.cgi?Name=Ni%28CO%294&Mask=1&Units=SI
Difluoromethane,C(F)F,Organique,5,18.0484,18.8058,0.7574,4.197,ATcT_0K,A,75-10-5,0.0034,ok_<1%,0.05,0K,ok_consensus,0.05,🟢🟢 0.1%,https://cccbdb.nist.gov/exp2x.asp?casno=75105&charge=0
Nitrosomethane,CN=O,Organique,6,20.6887,21.318,0.6293,3.042,ATcT_0K,A,865-40-7,0.0094,n/a,,,ok_one_source,1.28,🟢 1.3%,https://cccbdb.nist.gov/exp2x.asp?casno=865407&charge=0
Formaldoxime,C=NO,Organique,6,21.0014,21.7887,0.7873,3.749,ATcT_0K,A,75-17-2,0.0135,n/a,,,single_fail,3.05,🟠 3.0%,https://cccbdb.nist.gov/exp2x.asp?casno=75172&charge=0
glycolic_acid,C(C(=O)O)O,Organique,9,37.689,36.0957,1.5933,4.227,NIST,B,79-14-1,,n/a,,,ok_one_source,-0.01,🟢 0.0%,https://cccbdb.nist.gov/exp2x.asp?casno=79141&charge=0
SCl2,ClSCl,Inorganique,3,5.569,5.4107,0.1583,2.842,NIST,B,10545-99-0,,ok_<1%,0.0,298K,ok_consensus,0.0,🟢🟢 0.0%,https://cccbdb.nist.gov/exp2x.asp?casno=10545990&charge=0
AcOH,CC(O)=O,Organique,8,33.54,32.1078,1.4322,4.27,NIST,B,64-19-7,,ok_<1%,-0.0,298K,ok_consensus,-0.0,🟢🟢 0.0%,https://cccbdb.nist.gov/exp2x.asp?casno=64197&charge=0
acetic_acid,CC(=O)O,Organique,8,33.544,32.1078,1.4362,4.282,ATcT,A,64-19-7,,ok_<1%,-0.01,298K,ok_consensus,0.01,🟢🟢 0.0%,https://cccbdb.nist.gov/exp2x.asp?casno=64197&charge=0
SiF3H,F[SiH](F)F,Inorganique,5,19.658,18.816,0.842,4.283,JANAF,B,13465-71-9,,fail_>2%,11.08,298K,conflict,11.08,🔴 11.1%,https://cccbdb.nist.gov/exp2x.asp?casno=13465719&charge=0
1_1_Dichloroethene,C=C(Cl)Cl,Organique,6,21.6078,22.5548,0.947,4.383,ATcT_0K,A,75-35-4,,ok_<1%,0.28,0K,ok_consensus,0.28,🟢🟢 0.3%,https://cccbdb.nist.gov/exp2x.asp?casno=75354&charge=0
trans_Cycloheptene,C1CCC=CCC1,Organique,19,77.0111,80.3479,3.3368,4.333,ATcT_0K,A,628-92-2,,n/a,,,single_fail,2.83,🟠 2.8%,https://cccbdb.nist.gov/exp2x.asp?casno=628922&charge=0
Formyl_chloride,C(=O)Cl,Organique,4,15.2746,14.6156,0.659,4.314,ATcT_0K,A,2565-30-2,0.006944084572731513,n/a,,,ok_one_source,0.96,🟢 1.0%,https://cccbdb.nist.gov/exp2x.asp?casno=2565302&charge=0
BeI2,I[Be]I,Inorganique,3,6.67,6.9636,0.2936,4.401,Gurvich,B,7787-53-3,,n/a,,,n/a,,⚪ B,https://cccbdb.nist.gov/exp2x.asp?casno=7787533&charge=0
SiH3Cl,[SiH3]Cl,Inorganique,5,13.96,14.5954,0.6354,4.551,JANAF,B,13465-78-6,,ok_<1%,-0.03,0K,ok_one_source,-0.03,🟢 0.0%,https://cccbdb.nist.gov/exp2x.asp?casno=13465786&charge=0
Oxiranyl,C1[CH]O1,Organique,6,22.2306,23.2224,0.9918,4.461,ATcT_0K,A,31586-84-2,0.0102,n/a,,,ok_one_source,1.26,🟢 1.3%,https://cccbdb.nist.gov/exp2x.asp?casno=31586842&charge=0
SOF2,FS(=O)F,Inorganique,4,12.738,13.4503,0.7123,5.592,NIST,B,7783-42-8,,n/a,,,single_fail,3.34,🟠 3.3%,https://cccbdb.nist.gov/exp2x.asp?casno=7783428&charge=0
Vinylidene_2143693,C=[C],Organique,4,14.9624,14.2854,0.677,4.525,ATcT_0K,A,,,n/a,,,n/a,,⚪ A,https://webbook.nist.gov/cgi/cbook.cgi?Name=Vinylidene_2143693&Mask=1&Units=SI
NiF3,F[Ni](F)F,d-block,4,11.762,12.3334,0.5714,4.858,Gurvich,B,,,n/a,,,n/a,,⚪ B,https://webbook.nist.gov/cgi/cbook.cgi?Name=NiF3&Mask=1&Units=SI
SiF4,F[Si](F)(F)F,Inorganique,5,24.59,23.4682,1.1218,4.562,NIST,B,7783-61-1,,ok_<1%,-0.34,0K,ok_consensus,-0.34,🟢🟢 0.3%,https://cccbdb.nist.gov/exp2x.asp?casno=7783611&charge=0
Isocyanomethane,C[N+]#[C-],Organique,6,24.4351,23.2575,1.1776,4.819,ATcT_0K,A,593-75-9,0.0048,warn_1-2%,1.65,298K,ok_consensus,0.63,🟢🟢 0.6%,https://cccbdb.nist.gov/exp2x.asp?casno=593759&charge=0
SiOF2,F[Si](=O)F,Inorganique,4,18.692,19.5512,0.8592,4.597,Gurvich,B,14041-22-6,,n/a,,,single_fail,-2.58,🟠 2.6%,https://cccbdb.nist.gov/exp2x.asp?casno=14041226&charge=0
pyridazine,c1ccnnc1,Organique,10,45.666,48.4188,2.7528,6.028,NIST,B,289-80-5,,ok_<1%,-0.01,298K,ok_one_source,-0.01,🟢 0.0%,https://cccbdb.nist.gov/exp2x.asp?casno=289805&charge=0
FeBr3,Br[Fe](Br)Br,d-block,4,9.503,9.5154,0.0124,0.131,JANAF,B,,,n/a,,,n/a,,⚪ B,https://webbook.nist.gov/cgi/cbook.cgi?Name=FeBr3&Mask=1&Units=SI
HOCN,OC#N,Organique,4,18.817,17.843,0.974,5.176,NIST,B,420-05-3,,n/a,,,single_fail,-7.94,🟠 7.9%,https://cccbdb.nist.gov/exp2x.asp?casno=420053&charge=0
CFC113a,FC(F)(F)Cl,Organique,5,18.49,17.6467,0.8433,4.561,NIST,B,75-72-9,,ok_<1%,-0.01,298K,ok_consensus,-0.01,🟢🟢 0.0%,https://cccbdb.nist.gov/exp2x.asp?casno=75729&charge=0
HCOOH,OC=O,Organique,5,21.29,20.297,0.993,4.664,ATcT,A,64-18-6,,warn_1-2%,-1.19,298K,ok_consensus,-1.19,🟢🟢 1.2%,https://cccbdb.nist.gov/exp2x.asp?casno=64186&charge=0
NiF,[Ni]F,d-block,2,4.36,6.1476,1.7876,41.001,CRC,B,,,n/a,,,n/a,,⚪ B,https://webbook.nist.gov/cgi/cbook.cgi?Name=NiF&Mask=400&Units=SI
MgBr,[Mg]Br,Inorganique,2,2.922,2.7991,0.1229,4.205,JANAF,B,,,n/a,,,n/a,,⚪ B,https://webbook.nist.gov/cgi/cbook.cgi?Name=MgBr&Mask=400&Units=SI
SiCl2,Cl[Si]Cl,Inorganique,3,8.988,9.5372,0.5492,6.11,JANAF,B,13569-32-9,,warn_1-2%,-1.33,298K,ok_one_source,-1.33,🟢 1.3%,https://cccbdb.nist.gov/exp2x.asp?casno=13569329&charge=0
LiH,[Li][H],Inorganique,2,2.429,2.4366,0.0076,0.311,ATcT,A,7580-67-8,,ok_<1%,0.07,0K,ok_consensus,0.07,🟢🟢 0.1%,https://cccbdb.nist.gov/exp2x.asp?casno=7580678&charge=0
trimethylsilane,C[SiH](C)C,Organique,14,51.231,48.8079,2.4231,4.73,NIST,B,993-07-7,,n/a,,,single_fail,-2.67,🟠 2.7%,https://cccbdb.nist.gov/exp2x.asp?casno=993077&charge=0
oxalic_acid,C(=O)(C(=O)O)O,Organique,8,37.289,35.5041,1.7849,4.787,NIST,B,144-62-7,,n/a,,,ok_one_source,-0.29,🟢 0.3%,https://cccbdb.nist.gov/exp2x.asp?casno=144627&charge=0
Isofulminic_acid,C#[N+][O-],Organique,4,14.6095,15.0896,0.4801,3.286,ATcT_0K,A,506-85-4,,n/a,,,single_fail,5.51,🟠 5.5%,https://cccbdb.nist.gov/exp2x.asp?casno=506854&charge=0
S2O,S=S=O,Inorganique,3,8.908,9.3335,0.4255,4.776,Gurvich,B,20901-21-7,,ok_<1%,0.01,298K,ok_consensus,0.01,🟢🟢 0.0%,https://cccbdb.nist.gov/exp2x.asp?casno=20901217&charge=0
Cyanoacetylene,C#CC#N,Organique,5,25.3782,26.4958,1.1176,4.404,ATcT_0K,A,1070-71-9,0.0061,warn_1-2%,1.56,298K,ok_consensus,0.52,🟢🟢 0.5%,https://cccbdb.nist.gov/exp2x.asp?casno=1070719&charge=0
pyridine_N-oxide,[O-][n+]1ccccc1,Organique,12,54.85,50.0926,4.7574,8.673,NIST,B,694-59-7,,n/a,,,n/a,,⚪ B,https://cccbdb.nist.gov/exp2x.asp?casno=694597&charge=0
AlF3,F[Al](F)F,Inorganique,4,18.29,19.1769,0.8869,4.849,CCCBDB,B,7784-18-1,,ok_<1%,-0.0,0K,ok_consensus,-0.0,🟢🟢 0.0%,https://cccbdb.nist.gov/exp2x.asp?casno=7784181&charge=0
HCOF,C(=O)F,Organique,4,17.12,16.2908,0.8292,4.844,ATcT,A,1493-02-3,0.003212934653054879,ok_<1%,-0.73,298K,ok_consensus,-0.37,🟢🟢 0.4%,https://cccbdb.nist.gov/exp2x.asp?casno=1493023&charge=0
Nitrosobenzene,C1=CC=C(C=C1)N=O,Organique,13,60.6239,63.3692,2.7453,4.528,ATcT_0K,A,586-96-9,0.0124,warn_1-2%,1.05,298K,ok_consensus,1.05,🟢🟢 1.1%,https://cccbdb.nist.gov/exp2x.asp?casno=586969&charge=0
CoCl2,Cl[Co]Cl,d-block,3,7.91,14.078,0.715,4.833,JANAF,B,7646-79-9,,n/a,,,n/a,,⚪ B,https://cccbdb.nist.gov/exp2x.asp?casno=7646799&charge=0
indazole,c1ccc2[nH]ncc2c1,Organique,15,72.831,66.6394,6.1916,8.501,NIST,B,271-44-3,,n/a,,,n/a,,⚪ B,https://cccbdb.nist.gov/exp2x.asp?casno=271443&charge=0
PF2Cl,FP(F)Cl,Inorganique,4,13.106,13.7702,0.6642,5.068,JANAF,B,14335-40-1,,n/a,,,single_fail,5.31,🟠 5.3%,https://cccbdb.nist.gov/exp2x.asp?casno=14335401&charge=0
nitroethane,CC[N+](=O)[O-],Organique,10,37.277,38.6889,1.4119,3.788,NIST,B,79-24-3,,n/a,,,ok_one_source,0.04,🟢 0.0%,https://cccbdb.nist.gov/exp2x.asp?casno=79243&charge=0
Chloroallene,C=C=CCl,Organique,7,28.1922,29.5901,1.3979,4.959,ATcT_0K,A,3223-70-9,0.0166,n/a,,,ok_one_source,1.1,🟢 1.1%,https://cccbdb.nist.gov/exp2x.asp?casno=3223709&charge=0
FeF2,F[Fe]F,d-block,3,10.0,15.2057,5.2057,52.057,JANAF,B,,,n/a,,,n/a,,⚪ B,https://webbook.nist.gov/cgi/cbook.cgi?Name=FeF2&Mask=1&Units=SI
TiF,[Ti]F,d-block,2,5.84,9.2271,3.3871,57.999,JANAF,B,,,n/a,,,n/a,,⚪ B,https://webbook.nist.gov/cgi/cbook.cgi?Name=TiF&Mask=400&Units=SI
1_1_Dibromoethene,C=C(Br)Br,Organique,6,20.2447,21.2485,1.0038,4.958,ATcT_0K,A,593-92-0,,n/a,,,n/a,,⚪ A,https://cccbdb.nist.gov/exp2x.asp?casno=593920&charge=0
CBrF3,FC(F)(F)Br,Organique,5,17.775,16.8983,0.8767,4.932,NIST,B,75-63-8,,ok_<1%,0.04,298K,ok_consensus,0.03,🟢🟢 0.0%,https://cccbdb.nist.gov/exp2x.asp?casno=75638&charge=0
Ethanimine,CC=N,Organique,8,30.241,31.6009,1.3599,4.497,ATcT_0K,A,20729-41-3,0.0075,warn_1-2%,1.62,0K,ok_one_source,1.62,🟢 1.6%,https://cccbdb.nist.gov/exp2x.asp?casno=20729413&charge=0
SF4,FS(F)(F)F,Inorganique,5,13.86,14.7365,0.8765,6.324,JANAF,B,7783-60-0,,ok_<1%,-0.03,0K,ok_consensus,-0.03,🟢🟢 0.0%,https://cccbdb.nist.gov/exp2x.asp?casno=7783600&charge=0
COCl2,ClC(Cl)=O,Organique,4,14.793,14.078,0.715,4.833,NIST,B,75-44-5,0.0024874332797844225,ok_<1%,0.11,298K,ok_consensus,0.11,🟢🟢 0.1%,https://cccbdb.nist.gov/exp2x.asp?casno=75445&charge=0
FeOH,O[Fe],d-block,3,9.478,9.3221,0.1559,1.645,Gurvich,B,,,n/a,,,n/a,,⚪ B,https://webbook.nist.gov/cgi/cbook.cgi?Name=FeOH&Mask=1&Units=SI
NaH,[Na][H],Inorganique,2,1.97,1.9886,0.0186,0.944,HH,B,7646-69-7,,fail_>2%,3.81,0K,single_fail,3.81,🟠 3.8%,https://cccbdb.nist.gov/exp2x.asp?casno=7646697&charge=0
trimethylborane,CB(C)C,Organique,13,49.957,47.3881,2.5689,5.142,NIST,B,593-90-8,,n/a,,,n/a,,⚪ B,https://cccbdb.nist.gov/exp2x.asp?casno=593908&charge=0
FeF,[Fe]F,d-block,2,4.51,6.6424,2.1324,47.282,CRC,B,,,n/a,,,n/a,,⚪ B,https://webbook.nist.gov/cgi/cbook.cgi?Name=FeF&Mask=400&Units=SI
cyanamide,NC#N,Organique,5,20.287,20.9229,0.6359,3.135,NIST,B,420-04-2,,ok_<1%,0.34,298K,ok_consensus,0.24,🟢🟢 0.2%,https://cccbdb.nist.gov/exp2x.asp?casno=420042&charge=0
BCl2H,ClB(Cl),Inorganique,4,12.931,13.6151,0.6841,5.29,JANAF,B,,,n/a,,,n/a,,⚪ B,https://webbook.nist.gov/cgi/cbook.cgi?Name=BCl2H&Mask=1&Units=SI
Si2H6,[SiH3][SiH3],Inorganique,8,22.08,23.2323,1.1523,5.219,NIST,B,1590-87-0,,ok_<1%,-0.13,298K,ok_consensus,-0.13,🟢🟢 0.1%,https://cccbdb.nist.gov/exp2x.asp?casno=1590870&charge=0
SiF3Cl,F[Si](F)(F)Cl,Inorganique,5,21.113,20.0091,1.1039,5.228,JANAF,B,14049-36-6,,n/a,,,n/a,,⚪ B,https://cccbdb.nist.gov/exp2x.asp?casno=14049366&charge=0
1_2_4_Cyclohexatriene,C1C=CC=C=C1,Organique,12,53.3265,56.1286,2.8021,5.255,ATcT_0K,A,71-43-2,0.0021765041198113697,fail_>2%,6.17,0K,single_fail,6.17,🟠 6.2%,https://cccbdb.nist.gov/exp2x.asp?casno=71432&charge=0
SiH3F,[SiH3]F,Inorganique,5,15.95,15.1041,0.8459,5.303,JANAF,B,,,n/a,,,n/a,,⚪ B,https://webbook.nist.gov/cgi/cbook.cgi?Name=SiH3F&Mask=1&Units=SI
KH,[K][H],Inorganique,2,1.76,1.7899,0.0299,1.701,HH,B,7693-26-7,,fail_>2%,8.35,298K,single_fail,8.35,🟠 8.3%,https://cccbdb.nist.gov/exp2x.asp?casno=7693267&charge=0
NH2F,NF,Inorganique,4,11.35,10.588,0.762,6.714,JANAF,B,15861-05-9,,n/a,,,single_fail,-2.93,🟠 2.9%,https://cccbdb.nist.gov/exp2x.asp?casno=15861059&charge=0
TiCl,[Ti]Cl,d-block,2,4.44,5.6516,1.2116,27.289,JANAF,B,,,n/a,,,n/a,,⚪ B,https://webbook.nist.gov/cgi/cbook.cgi?Name=TiCl&Mask=400&Units=SI
o_Benzyne,C1=CC#CC=C1,Organique,10,48.3431,50.9391,2.596,5.37,ATcT_0K,A,462-80-6,,warn_1-2%,1.45,298K,ok_consensus,-0.24,🟢🟢 0.2%,https://cccbdb.nist.gov/exp2x.asp?casno=462806&charge=0
NH3,N,Inorganique,4,12.02,11.1027,0.9173,7.631,ATcT,A,7664-41-7,,ok_<1%,-0.18,0K,ok_consensus,-0.18,🟢🟢 0.2%,https://cccbdb.nist.gov/exp2x.asp?casno=7664417&charge=0
CrCl3,Cl[Cr](Cl)Cl,d-block,4,11.976,11.6037,0.3723,3.108,JANAF,B,10025-73-7,,n/a,,,single_fail,-9.69,🟠 9.7%,https://cccbdb.nist.gov/exp2x.asp?casno=10025737&charge=0
CO,[C-]#[O+],Inorganique,2,11.092,10.4834,0.6086,5.487,ATcT,A,630-08-0,,ok_<1%,0.15,0K,ok_consensus,0.15,🟢🟢 0.2%,https://cccbdb.nist.gov/exp2x.asp?casno=630080&charge=0
TiOCl2,Cl[Ti](=O)Cl,d-block,4,15.938,16.6569,0.7189,4.511,JANAF,B,,,n/a,,,n/a,,⚪ B,https://webbook.nist.gov/cgi/cbook.cgi?Name=TiOCl2&Mask=1&Units=SI
PCl5,Cl[P](Cl)(Cl)(Cl)Cl,Inorganique,6,12.76,13.4786,0.7186,5.632,NIST,B,10026-13-8,,fail_>2%,3.1,0K,conflict,3.1,🔴 3.1%,https://cccbdb.nist.gov/exp2x.asp?casno=10026138&charge=0
FeF3,F[Fe](F)F,d-block,4,15.282,14.6756,0.6064,3.968,JANAF,B,7783-50-8,,n/a,,,n/a,,⚪ B,https://cccbdb.nist.gov/exp2x.asp?casno=7783508&charge=0
ScCl3,Cl[Sc](Cl)Cl,d-block,4,14.745,16.1251,1.3801,9.36,JANAF,B,10361-84-9,,n/a,,,n/a,,⚪ B,https://cccbdb.nist.gov/exp2x.asp?casno=10361849&charge=0
dimethyl_methylphosphonate,CP(=O)(OC)OC,Organique,16,62.663,59.159,3.504,5.592,NIST,B,756-79-6,,n/a,,,n/a,,⚪ B,https://cccbdb.nist.gov/exp2x.asp?casno=756796&charge=0
B2H6,[BH2]([H])[BH2],Inorganique,,22.631,23.8968,1.2658,5.593,JANAF,B,,,n/a,,,n/a,,⚪ B,https://webbook.nist.gov/cgi/cbook.cgi?Name=B2H6&Mask=1&Units=SI
"1,3,5-triazine",C1=NC=NC=N1,Organique,9,41.417,38.7657,2.6513,6.401,NIST,B,6294-83-3,,n/a,,,n/a,,⚪ B,https://cccbdb.nist.gov/exp2x.asp?casno=6294833&charge=0
ScCl2,Cl[Sc]Cl,d-block,3,10.98,14.7487,3.7687,34.323,JANAF,B,,,n/a,,,n/a,,⚪ B,https://webbook.nist.gov/cgi/cbook.cgi?Name=ScCl2&Mask=1&Units=SI
Buckminsterfullerene,C12=C3C4=C5C6=C1C7=C8C9=C1C%10=C%11C(=C29)C3=C2C3=C4C4=C5C5=C9C6=C7C6=C7C8=C1C1=C8C%10=C%10C%11=C2C2=C3C3=C4C4=C5C5=C%11C%12=C(C6=C95)C7=C1C1=C%12C5=C%11C4=C3C3=C5C(=C81)C%10=C23,Organique,60,416.2342,440.0095,23.7753,5.712,ATcT_0K,A,99685-96-8,0.0663,fail_>2%,6.22,0K,one_source_fail,0.7,🟡 0.7%,https://cccbdb.nist.gov/exp2x.asp?casno=99685968&charge=0
CrCl2,Cl[Cr]Cl,d-block,3,9.39,9.0346,0.3554,3.785,JANAF,B,10049-05-5,,n/a,,,single_fail,-16.47,🔴 16%,https://cccbdb.nist.gov/exp2x.asp?casno=10049055&charge=0
p_Benzyne,C1=C=CC=C=C1,Organique,10,46.9404,49.6816,2.7412,5.84,ATcT_0K,A,3355-34-8,,n/a,,,ok_one_source,1.47,🟢 1.5%,https://cccbdb.nist.gov/exp2x.asp?casno=3355348&charge=0
Fe(CO)5,[Fe](=C=O)(=C=O)(=C=O)(=C=O)=C=O,d-block,11,61.91,58.2485,3.6615,5.914,NIST,B,13463-40-6,,n/a,,,ok_one_source,0.0,🟢 0.0%,https://cccbdb.nist.gov/exp2x.asp?casno=13463406&charge=0
MnCl,[Mn]Cl,d-block,2,3.53,3.1678,0.3622,10.262,CRC,B,,,n/a,,,n/a,,⚪ B,https://webbook.nist.gov/cgi/cbook.cgi?Name=MnCl&Mask=400&Units=SI
POCl3,ClP(Cl)(Cl)=O,Inorganique,5,14.78,15.6762,0.8962,6.063,NIST,B,10025-87-3,,fail_>2%,3.53,0K,conflict,3.53,🔴 3.5%,https://cccbdb.nist.gov/exp2x.asp?casno=10025873&charge=0
MgCl,[Mg]Cl,Inorganique,2,3.24,3.3235,0.0835,2.576,HH,B,,,n/a,,,n/a,,⚪ B,https://webbook.nist.gov/cgi/cbook.cgi?Name=MgCl&Mask=400&Units=SI
1_Chloropropyne,CC#CCl,Organique,7,28.0875,29.7738,1.6863,6.004,ATcT_0K,A,7747-84-4,,n/a,,,ok_one_source,1.13,🟢 1.1%,https://cccbdb.nist.gov/exp2x.asp?casno=7747844&charge=0
trimethyl_borate,COB(OC)OC,Organique,16,66.651,62.6548,3.9962,5.996,NIST,B,121-43-7,,n/a,,,n/a,,⚪ B,https://cccbdb.nist.gov/exp2x.asp?casno=121437&charge=0
Mg(OH)2,O[Mg]O,Inorganique,5,17.029,16.0331,0.9959,5.848,Gurvich,B,1317-43-7,,n/a,,,n/a,,⚪ B,https://cccbdb.nist.gov/exp2x.asp?casno=1317437&charge=0
2_Cyclopropen_1_one,C1=CC1=O,Organique,6,27.4583,25.7973,1.661,6.049,ATcT_0K,A,2961-80-0,,n/a,,,n/a,,⚪ A,https://cccbdb.nist.gov/exp2x.asp?casno=2961800&charge=0
Iodosilane,[SiH3]I,Inorganique,5,12.3746,13.1128,0.7382,5.965,ATcT_0K,A,13598-42-0,0.0269,warn_1-2%,1.59,298K,ok_one_source,1.59,🟢 1.6%,https://cccbdb.nist.gov/exp2x.asp?casno=13598420&charge=0
hexamethyldisiloxane,C[Si](C)(C)O[Si](C)(C)C,Organique,27,105.2,98.799,6.401,6.085,NIST,B,107-46-0,,n/a,,,n/a,,⚪ B,https://cccbdb.nist.gov/exp2x.asp?casno=107460&charge=0
N2H2,N=N,Inorganique,4,11.12,11.5764,0.4564,4.104,ATcT,A,3618-05-1,,n/a,,,single_fail,9.0,🟠 9.0%,https://cccbdb.nist.gov/exp2x.asp?casno=3618051&charge=0
VF4,F[V](F)(F)F,d-block,5,21.306,22.631,1.325,6.219,JANAF,B,,,n/a,,,n/a,,⚪ B,https://webbook.nist.gov/cgi/cbook.cgi?Name=VF4&Mask=1&Units=SI
NiF2,F[Ni]F,d-block,3,9.58,12.8455,3.2655,34.087,JANAF,B,10028-18-9,,n/a,,,n/a,,⚪ B,https://cccbdb.nist.gov/exp2x.asp?casno=10028189&charge=0
CI4,C(I)(I)(I)I,Organique,5,9.077,9.6418,0.5648,6.223,NIST,B,507-25-5,0.020728610664870188,ok_<1%,0.04,298K,ok_one_source,0.04,🟢 0.0%,https://cccbdb.nist.gov/exp2x.asp?casno=507255&charge=0
Methylene,[CH2],Organique,3,7.408,6.9422,0.4658,6.287,ATcT_0K,A,2465-56-7,0.001,fail_>2%,5.29,0K,one_source_fail,1.27,🟡 1.3%,https://cccbdb.nist.gov/exp2x.asp?casno=2465567&charge=0
ZnI2,I[Zn]I,d-block,3,4.192,2.8699,1.3221,31.538,JANAF,B,10139-47-6,,n/a,,,n/a,,⚪ B,https://cccbdb.nist.gov/exp2x.asp?casno=10139476&charge=0
IF5,F[I](F)(F)(F)F,Inorganique,6,13.745,12.8744,0.8706,6.334,JANAF,B,7783-66-6,,fail_>2%,4.49,298K,single_fail,4.49,🟠 4.5%,https://cccbdb.nist.gov/exp2x.asp?casno=7783666&charge=0
SF6,FS(F)(F)(F)(F)F,Inorganique,7,20.459,21.756,1.486,7.331,JANAF,B,2551-62-4,,ok_<1%,-0.0,298K,ok_consensus,-0.0,🟢🟢 0.0%,https://cccbdb.nist.gov/exp2x.asp?casno=2551624&charge=0
3_Methylenecyclopropene,C=C1C=C1,Organique,8,34.345,36.5156,2.1706,6.32,ATcT_0K,A,4095-06-1,,n/a,,,n/a,,⚪ A,https://cccbdb.nist.gov/exp2x.asp?casno=4095061&charge=0
Disulfene_oxide,O=S=S,Inorganique,3,8.7766,9.3335,0.5569,6.345,ATcT_0K,A,20901-21-7,,ok_<1%,0.46,0K,ok_consensus,0.46,🟢🟢 0.5%,https://cccbdb.nist.gov/exp2x.asp?casno=20901217&charge=0
Li2O,[Li]O[Li],Inorganique,3,7.614,8.1219,0.5079,6.671,JANAF,B,,,n/a,,,n/a,,⚪ B,https://webbook.nist.gov/cgi/cbook.cgi?Name=Li2O&Mask=1&Units=SI
VCl4,[V](Cl)(Cl)(Cl)Cl,d-block,5,15.8,17.7919,1.9919,12.607,JANAF,B,7632-51-1,,n/a,,,n/a,,⚪ B,https://cccbdb.nist.gov/exp2x.asp?casno=7632511&charge=0
HBO2,OB=O,Inorganique,4,18.528,17.332,1.196,6.455,JANAF,B,13460-50-9,,n/a,,,n/a,,⚪ B,https://cccbdb.nist.gov/exp2x.asp?casno=13460509&charge=0
COF2b,C(=O)(F)F,Organique,4,18.28,17.0878,1.1922,6.522,NIST,B,353-50-4,0.004145722132974037,ok_<1%,-0.87,298K,ok_consensus,0.06,🟢🟢 0.1%,https://cccbdb.nist.gov/exp2x.asp?casno=353504&charge=0
NiCl,[Ni]Cl,d-block,2,3.63,5.2112,1.5812,43.558,CRC,B,13931-83-4,,n/a,,,n/a,,⚪ B,https://cccbdb.nist.gov/exp2x.asp?casno=13931834&charge=0
Isocyanic_acid,C(=N)=O,Organique,4,18.2494,16.8091,1.4403,7.892,ATcT_0K,A,75-13-8,,ok_<1%,-0.14,298K,ok_consensus,-0.14,🟢🟢 0.1%,https://cccbdb.nist.gov/exp2x.asp?casno=75138&charge=0
CrF3,F[Cr](F)F,d-block,4,15.813,17.1419,1.3289,8.404,JANAF,B,7788-97-8,,n/a,,,n/a,,⚪ B,https://cccbdb.nist.gov/exp2x.asp?casno=7788978&charge=0
Fe2O3_frag,O=[Fe]O[Fe]=O,d-block,5,19.455,18.2969,1.1581,5.953,Gurvich,B,1309-37-1,,n/a,,,n/a,,⚪ B,https://cccbdb.nist.gov/exp2x.asp?casno=1309371&charge=0
trimethyl_phosphite,COP(OC)OC,Organique,16,61.575,57.4077,4.1673,6.768,NIST,B,121-45-9,,n/a,,,n/a,,⚪ B,https://cccbdb.nist.gov/exp2x.asp?casno=121459&charge=0
NHF2,FNF,Inorganique,4,10.69,9.8923,0.7977,7.462,JANAF,B,10405-27-3,,n/a,,,single_fail,-7.66,🟠 7.7%,https://cccbdb.nist.gov/exp2x.asp?casno=10405273&charge=0
Dioxyamidogen,[NH]O[O],Inorganique,4,9.6294,8.78,0.8494,8.821,ATcT_0K,A,71843-95-3,0.0259,n/a,,,n/a,,⚪ A,https://cccbdb.nist.gov/exp2x.asp?casno=71843953&charge=0
BFCl2,ClB(Cl)F,Inorganique,4,14.51,15.5359,1.0259,7.071,JANAF,B,14720-31-1,,n/a,,,single_fail,9.28,🟠 9.3%,https://cccbdb.nist.gov/exp2x.asp?casno=14720311&charge=0
POF3,FP(F)(F)=O,Inorganique,5,21.328,19.8202,1.5078,7.069,JANAF,B,13478-20-1,,ok_<1%,-0.1,298K,ok_consensus,-0.1,🟢🟢 0.1%,https://cccbdb.nist.gov/exp2x.asp?casno=13478201&charge=0
SF6,F[S](F)(F)(F)(F)F,Inorganique,7,20.27,21.756,1.486,7.331,NIST-derived,B,2551-62-4,,ok_<1%,-0.55,0K,ok_consensus,-0.55,🟢🟢 0.6%,https://cccbdb.nist.gov/exp2x.asp?casno=2551624&charge=0
PF5,FP(F)(F)(F)F,Inorganique,6,23.67,21.9539,1.7161,7.25,JANAF,B,7647-19-0,,ok_<1%,0.06,0K,ok_consensus,0.06,🟢🟢 0.1%,https://cccbdb.nist.gov/exp2x.asp?casno=7647190&charge=0
thiophene,c1ccsc1,Organique,9,39.56,42.5236,2.9636,7.492,NIST,B,110-02-1,,warn_1-2%,1.04,0K,one_source_fail,1.04,🟡 1.0%,https://cccbdb.nist.gov/exp2x.asp?casno=110021&charge=0
H2O2,OO,Inorganique,4,11.09,11.9127,0.8227,7.418,ATcT,A,7722-84-1,,n/a,,,ok_one_source,-0.02,🟢 0.0%,https://cccbdb.nist.gov/exp2x.asp?casno=7722841&charge=0
TiOH,O[Ti],d-block,3,11.662,12.0342,0.3722,3.192,Gurvich,B,,,n/a,,,n/a,,⚪ B,https://webbook.nist.gov/cgi/cbook.cgi?Name=TiOH&Mask=1&Units=SI
HNCO,N=C=O,Organique,4,18.433,16.8091,1.6239,8.81,ATcT,A,75-13-8,,warn_1-2%,-1.14,298K,ok_consensus,-0.17,🟢🟢 0.2%,https://cccbdb.nist.gov/exp2x.asp?casno=75138&charge=0
Ethenedione,C(=C=O)=O,Organique,4,19.7128,21.2192,1.5064,7.642,ATcT_0K,A,4363-38-6,0.0124,n/a,,,n/a,,⚪ A,https://cccbdb.nist.gov/exp2x.asp?casno=4363386&charge=0
CuF2,F[Cu]F,d-block,3,7.91,8.6828,0.7728,9.769,JANAF,B,,,n/a,,,n/a,,⚪ B,https://webbook.nist.gov/cgi/cbook.cgi?Name=CuF2&Mask=1&Units=SI
CoCl,[Co]Cl,d-block,2,3.51,5.1977,1.6877,48.081,CRC,B,,,n/a,,,n/a,,⚪ B,https://webbook.nist.gov/cgi/cbook.cgi?Name=CoCl&Mask=400&Units=SI
SiBr4,Br[Si](Br)(Br)Br,Inorganique,5,13.666,14.9498,1.2838,9.394,JANAF,B,7789-66-4,,ok_<1%,-0.43,298K,ok_one_source,-0.43,🟢 0.4%,https://cccbdb.nist.gov/exp2x.asp?casno=7789664&charge=0
CrCl,[Cr]Cl,d-block,2,3.78,3.5845,0.1955,5.172,CRC,B,,,n/a,,,n/a,,⚪ B,https://webbook.nist.gov/cgi/cbook.cgi?Name=CrCl&Mask=400&Units=SI
